market,code,name,price,prev_close,change_rate,recent_posts_count,latest_posts,all_posts_titles,change_rate_val,sentiment,top_keywords,is_last_captured
KOSPI,084670,동양고속,46850,36049,+29.96%,400,"[{'title': '주가조작엄단한다고 정부에서 말했다', 'date': '2025.12.10 19:48', 'views': '1'}, {'title': '잘봐라', 'date': '2025.12.10 19:48', 'views': '1'}, {'title': '동양고속 흐름보니 답 나왔습니다^^', 'date': '2025.12.10 19:46', 'views': '11'}, {'title': '단타놀음 좀 해 본 사람들은[1]', 'date': '2025.12.10 19:43', 'views': '43'}, {'title': '낼 딱봐도', 'date': '2025.12.10 19:42', 'views': '15'}]","['주가조작엄단한다고 정부에서 말했다', '잘봐라', '동양고속 흐름보니 답 나왔습니다^^', '단타놀음 좀 해 본 사람들은[1]', '낼 딱봐도', '밤사이 주가조작엄단 뉴스 뜨면', '배아픈애들많네 ㅋ', '내일 음봉에 매수하다가 조진다', '깜장머리외인장중 53000 주 피디기', '이재명 대통령이 동양고속보면[2]', '지분 0.17퍼센트로 5연상친거는', '그러니까 지분 0.17퍼센트로 5연상[4]', '동양고속 주가조작으로 jtbc에 제보[3]', '동양고속', '내일[5]', '시총봐라.10만원가도 2천억이라..넘낮으니 그...[1]', '속보입니다[1]', '하다하다 별걸다 작전치네..', '외인 사기첬네', '<정지 언제임?', '내일 시초가는 51500원', '내일 시가 음봉날것 같은데?', '투자위험..인데 상따를?', '상에사서 상풀리면 팔고[1]', '고속버스들이 난리네[2]', '2바퀴,,,[3]', '시간외 어디서 보나요?[1]', '주식 싸게 물량 살라고', '동양고속에서 이젠 SG로 갈아타라..', '이대장중대장 오늘 안전히 물갈이 시켰네[1]', '뭐여 개미들만 겁먹고[1]', '누나가 혼내놨다', '신풍은 3천원에서 22만원 갔다..이리갈줄 누가...', '와. 시외에서 다털어버리네[1]', '호구들아[1]', '시간외 개미 털기[2]', '내가 안팔았으니[1]', '신기하네!!! 그 많던 매수가...', '내일 정지인가요?', '약빨', '천일고속 동양고속 완벽한 조작이지', '내일 60900원에 매수하면서 투덜대지 말...[1]', '시총 1356억?[1]', '마지막까지 개미 죽이네 ㅋㅋㅋㅋㅋㅋㅋㅋ[1]', '국장은 진짜 최악이네[1]', 'ㅎㅋㅎ  평단~~19,600에  ~~285...', '단일가에', '동양고속주주로써제정신으로못버틴다단타는나가라...', '동양으로 와라!!![1]', '단일가에 털리는 상.', '지분.16.67프로[1]', '계속 흔들고 가면. 고속도로에서 토해~ㅋㅋ', '팔더라도', '동양고속 보다 동원산업이 고속터미널 지분이...[1]', '천일고속정도는가니오도방정떨지말고있어라', '이렇게 해 먹을거를,,,', '매수 풀리네 ㅋㅋㅋ 돔황챠~', '매수량 1000개 ㅋㅋㅋㅋㅋㅋㅋㅋ[1]', '0.17%지분.146000평방[1]', '쫌있음', '털린개잗구 개욱ㅋㅋㅋㅋ10억[4]', '상마물 하면 쩜상~~안대면 내일  5마넌 찍는다...', '천일고속처럼40만까지는갈거에요', '동양고속, 왜 이렇게 상승했나...', '고속 돌림이네~', '신풍은 3천원에서 22만원 갔다..이리갈줄 누가...', '2~3초만에 순식간에 상 다시 잠금 ..', '시외 하한가 간다며', '역쉬 여당, 재개발 쉽지 않을줄 알았다[1]', '시간외 더 떨궈라', '또 상', '시총봐라.10만원가도 2천억이라..넘낮으니 그냥...[1]', '시외 하한가 가도', '상 깨진다 패대기 ㄱㄱㄱ[1]', '뭐야[1]', 'ㅋㅋㅋㅋㅋㅋㅋㅋㅋㅋㅋㅋㅋㅋㅋㅋㅋㅋㅋ', '하여간 닥들', 'ㅅㅅㅅ 2800 털렸다 와와', '와.. 개미또 털었네[1]', '이게 뭔... ㅋㅋㅋㅋ', '시외까지 털어먹냐?', '동양 시외 폭락[2]', '호구들아', '닥들아', '단일가 이럴 거면 마지막에 상은 왜 말았냐', '이제시총.천사백억?', '잘가라', '이렇게 야금 야금 내리는게', '이가격에 상따한 놈들은', '상한가 매수걸고 나간애덜', '성공했다~', '●●● 이렇게 매수기회를 주시다니요', '""축"" 하한가(시간외) 먼저 파는게 장땡임다...', '와.내일 시초 하한가네', '내뭐라허디?', '상따한 흑두두 계신가요', '제발', '꼴랑 6천주로 -5%를 빼버리네 ㅆ', 'ㄲ ㅓ얼 ㄱㄱ ㅓ 얼', '설거지 제대로네', '아,,, 상따했는데 조져다....[2]', '풀매수', '낼 거래정지아녀?', '억지 상 잡는거 아니라고 했지[1]', '허매수 빠지면 못나간다 했는데', '상따 3천주햇는데 ㅡㅡ', '내일부터 떡락 시작으로[1]', '시간외거래', '하한가 축', '쩜하 조심', '시간외 시외상 풀렸다~~~~~ 무조건 대피합...', '끝났네 시간외 상 풀렸네', '아래 허매수 건들면', '0.1퍼 지분으로 7배해먹었네', '시외 상 깨졌다', '낼상치면 10만갈듯', '내일은과연..', '천일고속 지분 16%, 동양고속은 지분 0....', '낼도 쩜상~~~~~~~~~~~~[2]', '다음타임 파란불 그리고하한가[1]', '내일이 고점.', '한신공영은 강남고속터미널 길건너 바로앞에 3...', '종가는 하한가 ㅋㅋ', '동고[1]', '마지막에매도한내가甲[2]', '오늘 흔들고 매집하는 기술이~~ㅋㅋㅋ[2]', '상풀림[2]', '동고[1]', '단타치다 상따 당함', '동고', '상따풀렸어', '낼 시초가 60900원 ㅋㅋㅋㅋㅋㅋㅋㅋㅋㅋㅋ[3]', '30만원 가나여~세력이 들어왔네여~~[2]', '***경방', '2800주 ㅋㅋㅋㅋ 한방에 가져간다 ㅋㅋㅋㅋ...[1]', '낼도 쩜상~~~~~~~~~~~~~~~~~~~...', '동고[1]', '[OFFICIAL] 주식한 이후로 내가 본 ...[1]', '이가격에 사는 강심장들', '10버거 보기전에 안흔들린다', '급하게 시외상따 400주 더 햇네요^...', '간보다', '고점에 다 팔고 텼구만', '시간외 점하[1]', '와따매~ 2차매집을 하루만에 끝내네.', '시간외하', '틸리고 내일 쩜상보고 후회하지마세요 ...', '호구들아', '이런건 텐배거', '안털린다 이놈들아 ㅋㅋㅋㅋ[1]', '뭔 내일 정지야 ㅋㅋㅋㅋ', '시외누군지몰라도 매도치웁시다^^', '낼 정지네ㅋ', '상한가 매도완료 ㅋㅋ ㅋ', '매도 쌓인거 봐라', '내뭐라허디 마지마 물량 뒤집어쓴다했지...', '도대체 얼마까지 갈려고 이렇게 흔들고...[1]', '이거', '마지마쑈에걸려든잡개미 BABYS', '시총보니', '거래정지 예고가 떠야', '내일도 상한가 60900원', '얼른 마스크써가 화성에다 로켓대신 고속버스 ...', '싹 털린거였누', '내일거래정지하자제발하루놀고30푸로쩡상먹자~~...', '내일은 쉬겠지 모ㅎ', '상에완매13000주 ㅋㅋㅋㅋㅋㅋㅋㅋㅋㅋㅋㅋ[2]', '마지막', '내일은', '쩡상소리질러~~ 땡큐세력~~~~~~~~~', '시총봐라.10만원가도 2천억이라..넘낮으니 ...[1]', '핸들링하는 세력빼고', '천일은 518.000 갔는데', '적어도', '내일도 상한가 가나여~? 목표가 30만원 ㅋ...[1]', '나도 털리고 키움 단타 먹튀 동호회도 털리고...', '썅[1]', '낼은 23%이상으로 시작 3분 이내 상[1]', '외놈들 졸라 팔아내고있는데', '아따', '쫄보들은 이주식 못할듯 ㅋㅋㅋ', '상한가에 사는사람 왜주식하지?', '거레정지앞두고 억지상은[2]', '까꿍', '잠그자... 문닫자', 'ㅠㅠ 진짜 -10% 손절했는데...', '동양고속 계속 얘기나오던데 ,,, 대응 준비하시...', '상잔량 꼬라지 보니까', '●● 천일고속 보합간다', '그만', '0.16% 지분으로 5상은 주가 조작 아니냐??...', '야드라 빨리 뛰어내리고', '오늘 상 치면 내일 정지 되나요???[1]', '끄바리읍노', '잠가라 빨리', '형님들', '10분뒤', '악랄하네 ㅋㅋㅋ', '거의 이정도면[1]', '폭락한다~~~~   빨리 던져요.', 'ㅋㅋㅋㅋㅋㅋ', '주포', '사기 치기 좋은회사 ㅋㅋㅋㅋㅋ', '화가난 동호회. 2탕주고 점프대 만들어놓음.', '작전 멋지게펼치긴하다....ㅋㅋ', '조앗써 ㅋㅋㅋㅋㅋㅋㅋㅋㅋㅋㅋㅋㅋㅋㅋㅋ', '닫혔다', '백퍼 낼 상이다', '2층이라 편안합니다~', '마감 5분전 폭락 조짐이다~`~~~   지금...', '자자', '그대로 폭락 나온다 조심 ㅋㅋㅋㅋㅋㅋㅋㅋ', '오늘은 떠넘기네 나도 팔고 간다', '세력이 도랏나봐', '똥될것 같은데...', '짱![1]', '10분뒤에 폭락 할꺼다~[1]', '장마감전 폭락징조가 보인다', '그냥 상가로', '상가면 낼 하루쉬나요?', '확실히', '솔직히 도망치는게 맞지 않나..', '개미들 떨굴라면', '어차피', '보합마감[1]', '머꼬 상따머꼬 빨리 상에 20만주 박아라', '신규매수자들 곡소리나겠네', '진짜', 'ㅋㅋㅋㅋㅋ', '미리 알고계신분들은 다 가져갔네요~~', '정리', '멋지다', '이딴 넘은 첨봤네', '옆차기 하고있네 증말', '마지막 vi 때', '상한가네', '돋된다', '지 ㄹ하네', '우와...', '와', '저 세력인데 이제 나락보낼게요[1]', '누가누가 먼저튀나 대회', '이거낼정지아닌가요?', '알바들 진짜 연기대상감이더라 ㅋㅋ', 'ㅋㅋ[1]', '짝![1]', '나 솔직하게 토론글 눈팅하는 거 즐김', '내일 부터는 대성이다잉~~~~', '상한가학정~~낼30푸로쩜상먹는다학정~~~~~...', '낼부터 연하한가랠리 시작이네', '주포', '어우 징한것...', '얘도 물량이 없어서 연상 몇방은 간다[1]', '상따돌격~상박고30푸로쩜상낼묵는다~~상따똘격...[1]', '팔았더니나참', '내일정지 튀어라 패대기 ㄱㄱㄱ', '동양고속 ~운전짱^^☆', '오늘도깔끔한데;[3]', '천일 팔아먹을라고 올리는거 치고는', '어구구구구~', '쫄릴꺼없다', '동양고속 주가조작으로 mbc에 제보[1]', 'ㅋㅋㅋㅋ 알바들 육갑떨때 알아봤다', '●&■ 우두머리는 No. 5', '문 닫것다', '왠지', '적당히해 다죽어', '패대기 ㄱㄱ 도망처 ㄱㄱ', '동양고속', '딱 상한가만 힘내자 제발,,,,,,,,,,,,,...[1]', '쩜상!   말아올린다~[1]', '수급이 계속들어오네 낼또 쩜상ㄱㄱㄱ', '주식판이갈수록게도박판이네ㅋㅋㅋㅋㅋㅋㅋㅋ ㅋㅋㅋㅋ...', '시총 꼴랑 천200억..ㅋㅋ', '왜그래 키움단타 알바들아 .', '종가 보합 이하~~', '여기 세력은 천사다  정말   설거지로 마지막 ...', '내일 쩜상예약ㅋㅋㅋㅋ바로가쥬?', 'ㄷㄷㄷ 종가벳팅 해볼까', '판놈이 승자', '쳐박다가 왜 올라와[2]', '●팩트●봐라 형말이맞제? 낼은 바로쩜상ㅋㅋ', '헐', '개털린흑우들 없겠지 설마..?', '뜬금 설거지파라니 ㅋㄷㄷ', '끄어어어어어어어어어어어억[1]', '시마이 끝.', '와 미쳤네', 'ㄱㅅㄱㅅ', '어종상이냐??', '코인이 따로 없네', '뮌', '20일선과 5일선 키스상승', 'Vi걸리면 바로상간다 담날 쩜상', '40,500원 입성자입니다', '거래정지가짱조아ㅋㅋㅋㅋㅋ', '코인이냐고   동양 코인', '간다', '엥', '빨리VI말고 쩜상또쩜상한번더묵게해도 ㅋㅋㅋㅋㅋ', '설거지 가즈아', '이렇게 많이 오른 종목에서', '작일 대비 8% 올랐는데...[1]', '약속의 2시', '앞으로 상 100번 기대해본다.', '참고로 오늘 vi걸리면 바로상한가 다음날쩜상[2]', '천일은34만원인데 이건왜이리싸냐 ㅋㅋㅋㅋㅋ', '종가 하앙까부근...', '대성산업으로 오세요[1]', '안녕 잘가라[2]', '천일고속', '8연상인데 고장 몇퍼내릿다고 부들대노ㅋㅋ[1]', '계단식 으로 내리는거 안보이나 저 많은 물량...', 'ㅋㅋㅋ오늘바로안가도되니 10만원가즈아ㅋㄱ', '흠...제가 만약  동양고속 매매한다면', '38850몰빵이다~~싸다싸~~ 천일처럼 30...[1]', '겨우대츨완료되서 방금풀로입성햇네요^^[6]', '고점에서', '내가 왜 너희들한테[2]', '오늘입성했어요[1]', '낼은?', '참고로 오늘 위로vi걸리면 바로상한가다[1]', '하이리스크 하이리턴', '거래량 터진상투신호 음봉탕', '외인들 돈 벌고 다 갔네. 초장에 던졌어야.', '오 그래도 8% 상승', '세력 외국인 다 털었네요', '훈장달고 몇번만더가자 10만은 찍어야지?', '천일이 3만대에서50만까지갔지', '여기서 머하는거야', '기준가보합 아과리 쩌억', '위험 이라고 써있네 ㅋㅋ', '하한가', '오 다시 상한가 간다~[2]', '와ㅋㄱ 개미들 다털렸다ㅋㄱㅋ쫄아서ㅋㄱ', '출발합니다', '왜올라노 동양고속???이런다가 상한가 또가냐?...', '거래량', '싸게사볼라고ㅋㅋ별짓다하놐ㄱㅋ', '지분  0,17%', '동앵', '폭탄돌리기 시작', '토끼라', '십만원은 갈것같더니', '이제 곧 시작합니다  지옥행 급행열차... ㅋ...', '7천원짜리주식에 뭐 먹을거 있다고 ㅎㅎ', '하방VI간다고했나 안했나 형이', '물기둥', '야 점상에서', 'Vi뜨면 이거 무조건 -15퍼까진 떨구것다[1]', '오늘 상한가에물린사람은', '하락 vi디 튀어', '감사합니다 계속퍼담아ㅋㅋ', '하방 vi', '3만 5천가즈아', '개미시체가즐비하겠군', '점심때는 원래 이정로 떨어지긴 해', '점심으로 육개장 한그릇 줄라요? 지나가는 행인...', '삼성스팩11호 삼성스팩12호  삼성증권회사 서...', '추매한다', '삼가고인의', '오늘이', '어라 외국인 다시[1]', '동양고속 하방VI가즈아~~~~가보자이 하방', '풀매수', '0.17%  고작 수십억원 지분평가이익 으로[2]', '주가 폭락시키면', '외인 먹튀. 53000 주', '동양고속 따따따따상 탑승기회 이제는없다라고 말하던[2]', '3자', '나 다 담았다 ㅋㅋㅋ', '오늘 상', '나락부랄대비', '오늘 한강 몇분 가시나요???[1]', '바겐세일이다', 'ᆢ', '삼성스팩11호 삼성증권 계열사 서울고속버스터미널 ...[1]', '누가 이자리에서 계속 매수하네', '●팩트●동양고속 10만원가즈아', '그 시작은 창대했으나', '장난질', '적정가 46000', '동양은 여기까지', '끝 천일로이동,대장이동', '물타다가  거지된다', '손절쳐다,허매수에 상따한후, 젖된후', '곧 물들아온다잉', '대성은 오르지도 않았네 홀딩한다', '나락부랄 오줌지릴듯', '주포 한방 나오것다', '하한가 25250원 당첨[1]', '잘먹고 감니다', '배당도 받고 폭등시 대박,,,한양증권우', '힌트준다 매도가 2배 많다[1]', '두시 마감하겠네[1]', '두방 남았음', '어~', '4만5천에 처물린 흑우들', '10만 동양고속 가즈아~~~[1]', '잘가라[1]']",29.96,Positive (55%),"동양고속, 내일, 오늘",False
KOSPI,128820,대성산업,5940,5129,+15.79%,400,"[{'title': '시외 폭락이라...', 'date': '2025.12.10 19:13', 'views': '52'}, {'title': '기타법인 기관매수 -먼가조만간 1000평땅 재...', 'date': '2025.12.10 19:06', 'views': '95'}, {'title': '강남터미널내 대지 규모는 1150여평으로 터미...[1]', 'date': '2025.12.10 18:59', 'views': '119'}, {'title': '글쓰는 재주들이 많네 ㅎㅎ', 'date': '2025.12.10 18:54', 'views': '1'}, {'title': '어차피 .. 지수도  안오르고  테마주로 갈 ...', 'date': '2025.12.10 18:47', 'views': '1'}]","['시외 폭락이라...', '기타법인 기관매수 -먼가조만간 1000평땅 재...', '강남터미널내 대지 규모는 1150여평으로 터미...[1]', '글쓰는 재주들이 많네 ㅎㅎ', '어차피 .. 지수도  안오르고  테마주로 갈 ...', '대성은 고터개발 천일 동양식구가 아니여', '낼은 하한가는 확정이네ㄷㄷ[1]', '대성산업도 강남고속버스터미널 내 1150평  ...[3]', '그 땅, 결국 돈 된다"" 기대감 폭발…요즘 증...', 'Mbn김동호 말로는.. 내년지방선거  정치테마...', '2프로털리고갑니다...[1]', '강남 1000평 알짜 부지의 힘… 대성산업,...[1]', '새되따', '강남땅이 천평이면 머 어때[1]', 'ㅋ 이 집은 오른게 읎어. 그러니 새롭게 시작...', 'PBR 0.27', '아니웃긴게 천일동양은 몇배 5배 넘게오른거고[3]', '대성산업 주가 토론중..', '5', '단일가[2]', 'ㅋㅋ 걍 회사 매각하자…. 상속 증여말고', '그렇게 좋으면 니들 많이 사라 도배질 그만하고', '', '7천억이라..[1]', '', '그런데  이런것 못  사실거유', '자꾸들허컫니먹ㄴ돌파한다ㅡ', '1000평 매각입질 오면 그때나 얘가 연상 9방가지...', '강남땅 어쩌고 저쩌고 알았으니까 그만 좀 씨부려라', '정규장에서 4900에', '시총 1300억대인 동양고속이 46000원이면 시총...[3]', '돈질하냐', '인플레이션으로...', '누가 물량 뺏어가냐   - 금감원', '자사주 17%', '한심한 세력[3]', '몇평.몇조짜리  이런거 그만올려', '중요한건', '지겹다 찬티알바들', '오늘까지는 동양이 대장이네', '팔지도 못 하는 주식 상한가 한방 나오면 내야 ...[2]', '서울고속버스 재개발 1천평보유 회사가 보유한 자...', '쫄지마', '모여 갑자기', '고속터미널 엎어졌나?', '딱 신한이 판매한금액 6200  그 위론 개미 ...[2]', '그래, 못간다고 생각하면...[3]', 'ㅉㅉㅉ[3]', '동양고속 ""축"" 시간외 하한가 가는 상황이다[1]', '시외 탈출 성공[1]', '시외폭락이네[3]', '알바퀴가 4만원 간다네 시총 2조원 인가?[1]', '형들 엿됐나봐[1]', '애는 개잡주라 못가', '5시30분[1]', '1조가치  땅보유  적정주가 4만원', '진짜 알짜배기는 대성이었군 ㅋㅋ[1]', '11월26일이 생각나네 찌라시 내고 담달 장대 ...[1]', '주유소가 하나가 아니구 두개로 나뉘어져있군요[1]', '천일 동양애덜 대성으로 이동중인가벼 ㅋㅋ', '마넌', '알바퀴 개미꼬시는 개소리 그만하고[1]', '기관이 자꾸 매수하네?', '냉정하게 투표해보자[2]', '만약 4천억 정도 돈 들어온다면 ~ 적정 시총', '요럴때', '대 장   인정', '한신공영은 강남고속터미널 길건너 코앞에 3000평...[2]', '노른자 알박기 = 땅값 + 미래 영업권', '사거리 노른자 땅   가치 1조원[1]', '전고점 6870', '개미가너무많네', '◈◈◈◈대성산업◈◈◈◈ 주주들 기분좋은 말 해줄께...[1]', '얼마한다고 평당얼만데', '1 , 0 0 0 , 0 0 0 , 0 0 0 ,...', '쌔빠닥이는  모르냐?[1]', '사거리 노른자  가치  1조원', '못 가는 안 가는 이유 쌍봉 돌파실패 전고 700...[9]', '다 털고 튐', '■대성이 인수한 터미널 gs칼테스 주유소부지가', '아그냥 쩜상한번만 가자', '1_2.등만 가는게 주식이지', '솔직히 연상 4번가도 될 재료를 갖고....ㅉㅉ', '꽉 ~ 잡고 있어라', '장기투자 대상', '도박 할 사람들 모여라.', '시간외도 하락출발하것네', '차례대로 10배 가는중 천일 동양 그리고 대성', '오늘 닉넴 보면 첨 보는 것들 많네ㄷㄷ[1]', '낼 쩜 치냐[2]', '쉽게 갈놈이 아니다[1]', '고터안엮여도', '대장 죽빵 치겠는대', '오늘하루도 고생하셨<오늘자 웃음포인트>', '왓 더 짬 뽕', '6300위로 전고 물량받이 개미시체 700만주[2]', '아쉽다 개잡주로 끝날상이네[1]', '형이 새벽에 얘기했지', '차트를봐봐.', '내일  부터는   대성 차례다', '★★★동양고속 상한가★★★ 내일은 공매도 때려...', '시외 상한가 추카[1]', '내일  하방인가요???', '올릴 거였음 진작에 갔겠지[1]', '난 차트를 안 믿지만...그림이 요상해서..안...', '찬티 알바들 겁나 나오네 갑자기ㅋㅋㅋㅋㅋ', '공견들 큰일날듯싶은데', '항상 찌라시 뿌리고 알바풀면', '거래량만 많지 힘이 약해 약해 약해!!!!', '기름 만땅 채우고...', '설거지 조심[1]', '곧 터질꺼같네요', '오늘의 종가는?[2]', '언능[1]', '중앙고속 따까리도 못하네', '사거리 노른자  땅   가치 1조원', '내말 믿고, 질러.[1]', '상속세상속세상속세상속세', '어제아래께 신용40만주 쓴 머구리들에게', '61에 마무리해라잉', '사거리  노른자땅  가치  1조원', '사거리 노른자  땅가치 1조', '워낙 단타가[1]', '오늘 이정도 해도 나쁘지않에 그림이 ㅋ', '가아짠네', '', '절라웃기네 동양고속 눈치를봐?', '사거리  노른자  땅 가치  1조원', '지금 니가 주차하려는 자리가 여기다....', '오늘 상을 말아야 내일까지 연상이고', '36억 내려기치기 기둘[2]', '결국 6000이 통곡의 벽이네', '고속이 죽어야 얘가 간다.', 'dk..thswjfgkslRk dhfmsp???', '오늘 상 못말면 내일 100% 내린다', '최근 5년내 최고 거래대금 뽑아 놓고...[1]', '에이 동양으로 돈이가네', '상', '종토방 헛소리 난무하네[1]', '와 진짜못가네', '끊임없는 매도세', '얘가 상한가 갈 가능성 없을듯', '어데가노? 5700원부터 1호가 마다 걸어놨다...', '[속보] 이게 사실이면 시총 1조 이상 재료다...[1]', '더러운것들 불쌍한. 개미들 그만 꼬셔라', '거래대금 이만큼 터트려놓고', '오늘종가', '결국엔', '등대지기 영화의 한장면이 생각난다.', '쥐포성님요 ?', '5700원부터 호가마다 10주씩 30호가 걸어...', '쫄따구', '나 오늘 츄매했어[1]', '땅 가치   1조원', '거래량. 2천만주가 넘는데...', '이정도 거래량 끝은', '기관이', '니애비 동양 또상간다[1]', '와 동양 ㄷ', '땅가치  1조원', '신용물이엄청나네', '대성은 끝났고', '쫄지말고, 매수해![1]', '쥐포 엉아덜', '이거 잡주야...', ""셀바스그룹 주축' 의료AI 프로젝트, 美 트럼..."", '돈이 부족해  더는  못 사', '허접들', '단주거래 신고 좀 박아줘', '진짜 잡주네', '평당 3억 쳐줄테니 팔고 가라[1]', '경방으로 이동', '맨날할줄아는게', '뭔기대를 하는교', '!!!!!!!!!!!!! 평당 2억 5천 해준...', '지저분하게 단주 때리네[1]', '세기상사', '', '더러운것들[1]', '팔고사고', '재료가 좋으면 뭐하나', '프로그램이 장난치니', '어디까지 빼나', '물량을 넘기고 있네여[1]', '단타로 기웃거려봐야, 다 털린다.', '와', '고터 이익 조단위', '샀다,팔았다 하지말고..', '기업과 주포의 행태에', '매수잔량이많다ㅡ전량던져아삼', '고점에 물려부럿어..', '배는 200평인데 배꼽은 1000평?', '## 터졌다 ##', '상', '내가 뭐라디 줘도 못먹는 주식이여', '5000원에 몰빵한거 6,200에 걸었다가 ...', '대놓고 찌라시 두번낸후 다털어 먹는중.ㅋㅋㅋ...', '쌔빠닥아![1]', '아직도 털게남았냐?', '지금 프메 장난질중', '쓰 박', '에라이', '에효~', '튀어라;;; 진짜 튀어라...[1]', '2만원 간다[2]', '다들 고생하셨습니다[1]', '거래대금,[2]', '아직관망중인데[2]', '이제', '아무리 재료 좋아도 주포가 거지면', '먼 신용이 이리많냐', '주가조자전운창구ㅡㅡ신한ㅡ작은집nh[1]', '고속형님덜', '주포야', '트릭', '음', '이렇게 질질흐르다', '얼탱이 없는 종목이구만', '이거 이거 오늘 상찍겄어', '야야 대성아', '맞냐? 팩트체크', '고터 출입구에 2개가 떡 버티고 서있네', '진짜 줘도 못먹는 주식이다 철수~~~하라', '강남터미널 땅1평은 1조 가치로 본답니다', '속지말고  도망가', '고속터미널이 그냥 운영되냐 ?', '마 잔치끝났다[1]', '참~ 나도 단타 하지만', '뒷북 설겆이 ㅋㅋ 다들 쳐내려오는데', '상한가', '그냥 견뎌볼께요..', '1억박았다 가보자ㅎㅎㅎ 딱 2억에나갈게', '찬티들 오함마로 강냉이 부시자', '', '같은 찌라시를 하루에 몇번이나 띄우네 ㅋㅋ[1]', '4연상 간다....알박기[1]', '후발주 강남고속터미널 복합쇼핑몰', '그래도 공시지가 드립 잼있었다', '천일고속 10상 동양7상 한 관계종목 돌리기', '## 거래량 만 본다 ##', '흐른다 끝난거 맞구만 아놔', '밥먹고 왔더니 왜이러냐', '프로그램이', 'ᆢ', '도대체', '난간다', '물렸었는데 잘먹고감 ㅋㅋ - 지존 트레이더', '무빙이', '이 모지리 주포야', '태우고 확쳐내려서 다떨구네 미친주포 ㅋㅋ', '먼저나갑니다~', '다팔아 제끼는중.ㅋㅋㅋ', '재탕 기사', '조땐다고', '천평 해봐야 얼마되지도 않네..십만평은 되야지....', '오늘도 역시', '', '프매야', '쌍봉맞고', '삼지창 리얼삼지창이네 ㅋㅋ', '문닫아라', '5연상가는게 왜팜 ㅋㅋ[1]', '주가 부양책', '환상적 (드라이빙)리딩과 투자 맥점의 중요함', '6천원 오면 풀매수', '안티들아 니들이 3천원 간다고 발악할수록 더 떡상간...', '서울시가 재개발 부지로 대성부지를 지정할거라는 소문...', '지금이', '프매때매 몬간다', '땅값 2조면 다시 10만 가나여?', '6660₩', '또, 하루짜리', '상한가 느낌난다,', '거래량힘있다~^^', '삼성스팩11호 삼성증권 계열사 서울고속버스터미널 바...', '', '아 오눌 상한가 갈 거 같은데', '3지창이네? 그냥 시장가 풀매수 ㅅㄱ', '땅값 1조 맞아여?[6]', '거래량 더 터져야', '인제부터', '상 안간다!', '땅값이 1조', '상~~~~~~~~~~~~', '분명히 3만원 목표가라고 말했어요', '땅값 견적뜨면', '개미들 탈시간을 이렇게 넉넉하게준다는건', '엄청', '상 잠굴듯하네', '20투자했다', '목표가 딱 3만원만 볼게요 고속터미널 재개발[1]', '천일고속 에서 동양고속. 이제는', '이렇게 시간을 끄는건[1]', '삼성스팩11호 삼성증권 계열사 서울고속버스터미널...[1]', '여긴', '고터이슈 3형제중', '이런호재에 저는 2만원에 팔게요[1]', '역시 갈 줄 알았지ㅋㅋ', '삼성스팩11호 삼성증권 계열사 서울고속버스터미널...[2]', '이건 아니네.. 테마 아냐.. 이렇게 시간을 많...', '먼가', '이렇게[1]', '종특이', '항상', '천일 까지는 아녀도', '햐~', '홀딩', '상상', '개인적으로', '이렇게 시간을 많이 준다고?[1]', '갭안주고 다지면서 올라가는거 같은데', '오늘도 수익 매도', '삼성스팩11호 삼성증권회사 서울고속버스터미널 ...[3]', '4인이가진주식1800만주', '12시다 문닫자.. 소문 너무많이 나면 안좋음', '형아들', '어째 기사한줄 안보내냐??', '천일 팔고 대성에 몰빵. 대성공..', '천일고속 동양고속 뛰어넘는다', '한번에 뽝~~!!![1]', '공매와 전쟁!!', '뭐가무섭냐', '물량 다ㅜ받아먹네 ㄷㄷㄷㄷ', '슬슬 소문나기 시작하네..[1]', '■ 천일고속 지분 재료에 ~ 10배 이상 재료...', '천일고속처럼 한번 가자[1]', '와 알바들 겁나 많아짐', '매집 엄청하네 ㄷㄷ', '옆에 주유소 땅이면 최소 5연상은 갈거 같은데', '키움형', '이제 관건은 대장 역할[2]', '5000주', '추매하면서', '추매 준비끝', '12000주', '장대하난 시원하게 뽑네', '세기상사', '쫌 진득히 먹자.[1]', '동양이 세력붙기는 좋지만', '흐른다 끝났나보다 진짜[2]', '지분투자 의미없다 ㆍ[1]', '여기가 제2의 천일이라고하던데', '와....미친 힘봐라 ㅡㅡ', '5연상 ?[1]', '7조란다', '대성산업 고속버스터미널 재개발 .. 다음은?', '시총이 무거워서 이거는 못가요[1]', '동양고속보다 가치가 높다고 본다', '비상비상!! 팔까말까 형들[2]', '이것도 동양 천일같이 갈것같지?[1]', '천일 9방 동양 7방 갔다…   앤 왜 오릉게 ...', '털린애들 ㅋ', '김신한 이사, 대성산업 주식 19만7962주 매...[1]', '와 힘 졀라 쌔네[1]', '목표가 5만원 천일고속 넘는다', '666  0  가즈아', '## 6660 ##', '진짜 설마 상가냐...? 설마?', '오늘 무조건 상 대성', '이제는 대성차레네요', '20% 이상 상승했어요 🎉', '그랴그랴 상한을 일단 가고 보자니까', '흑우들 고점에 또 당했누', '떨치는척 하면서 상승.', 'ㅡ와.....돈만있었으면 ㅠㅠ', '역사적 신고가 나온다 목표가 5만원', '이제 대성의 시간이 왔네요', '오늘 상 가면  이번주 내내 상가나??', '대성이 형님 ~~~', '대성이가 대장이였네', '평당', '상가네', '15% 이상 상승했어요 🎉', '세력 이쪽우로 드렁오네', '조정했으면 상가주세요', '공견들 한강가는날', '', '[속보] 대성산업, 재개발 추진 서울고속버스터미널 ...[4]', '찬티가', '오늘 무적건 종가 쩜상인이유!![2]', '천일 해먹고 동먕 해먹고.다음이  애인가?', '원래이놈이', '저는 이만 가볼게요', '몇연상가는지 보겟어', '프매.. 오늘 산거 다 팔았음.[1]', '갭 안매꾼다고', '상한가를 가면 믿을께[1]', '형아가 오늘부터는 달린다고 했다!', '상속세만 고치면 만원간다', '고속터미널 재개발  연상 6연상', '천일로 돈버신분들이 받쳐주기 시작', '작전주다', '2탕', '이건 완전히 작전주야', '가자 666', '10% 이상 상승했어요 🎉', '미지막...[1]', '형들 꼭 상한가 가길 바래', '아 짜증난다 진짜[2]', '아 ~~몰랑  ㆍ 신의  한수에~~고냥.']",15.79,Positive (65%),"오늘, 천일, 상한가",True
KOSPI,007460,에이프로젠,910,805,+13.04%,122,"[{'title': '캄보디아=에이프로젠', 'date': '2025.12.10 19:32', 'views': '1'}, {'title': '천기누설', 'date': '2025.12.10 19:30', 'views': '1'}, {'title': '주식시장 활성화 그리고 정상화라는[1]', 'date': '2025.12.10 19:22', 'views': '1'}, {'title': '더볼게있나[2]', 'date': '2025.12.10 18:49', 'views': '108'}, {'title': '923원 익절 매도[1]', 'date': '2025.12.10 18:40', 'views': '1'}]","['캄보디아=에이프로젠', '천기누설', '주식시장 활성화 그리고 정상화라는[1]', '더볼게있나[2]', '923원 익절 매도[1]', '***1년이 지나서야 내일 지폐주 복귀를 ...', '대한민국의 무궁한 발전을 위하여', '시간외 953원 매도 했습니다 현금써비스도...[5]', '돈은 없고 재섭이 똥줄 팄군  ㅋㅋ[1]', '유증 공시?[2]', '평단 4670인사람입니다[1]', '여성호르몬 관련주인가요?', '시외 지폐간다~!![2]', '실외 작전이 넘 티나지 않냐용?ㅋㅋㅋㅋ[3]', '분위기 보아하니 내일 지폐주 되겄네요~[1]', '에이프로 최대의호재[2]', '제 2의 삼성바이오로직스[1]', '바이오시밀러 레미케이드, 허셉틴,휴미라,리...', '*CDMO 조단위 공급계약 가보자==세계 ...', '***이중항체 ADC 제조플랫폼 조단위 라...[1]', '장투', '장투 가자[7]', '여긴 회사관계자 아니면[1]', '낼은  공지띄워서[1]', '결국', '매집은 끝났고', '오늘 무슨일', '믿음이  이기면 날아갈. 것이고', '아[6]', '떨구는 액션이 하수여', '월 터치 완료.', '오후 3시 부터는', '매도대기물량<매수대기물량', '도망쳐라[1]', '근데 연기금', '잘 떨궈봐라', '명예회복하러 가는건가?', '예전 제글에...', '슬로우 퀵퀵', '지금은 시장에 관심 끌기용이고', '매도잔량<매수잔량[2]', '계약서 도장 찍으려고...', '이제 떨구기 시작[2]', '파신분들은', '평단8000[1]', '불꽃이려나 ..', '지금 구간 상황은', '애쓴다', '아무도 안들어와', '15% 이상 상승했어요 🎉', '이게 미춓나??[1]', '상한가 가네', '951넘으면', '움직임이 빨라졌다', '무조건 던져[1]', '매도잔량<매수잔량', '사채를 털어 보겠다는 굳은 의지가 보이네', '910까지', '내일은   이등병  막대기  하나', '매도물량<매수물량', '910', '학습효과에 길들어저 털린 개투들은', '조심해야 할 시점은', '900', '젠장', '헉!!!', '핸드링이 부족해', '떨구는 테크닉', '종가 818', '909', '미쳤다리 ㅋㅋ[3]', '지들끼리', '행복한인가 머시기 어디갔노 ㅋㅋ존나웃기네', '소리없이 쳐먹는구나', '이중항체 믿냐[1]', '닭 쫓던 분들......', '핸드링 수준이 zero', '14:00부터', 'CDMO공장이 있기는 있는 회사입니꽈??', '내일  상  갈  상인가?[2]', '오후 2시부터', '상한가  드디어 왔네 ~~[1]', '그런데....58000원  언제오죠?[1]', '어차피 떨굴것', '1년만에~', '고진감래', '전부다 매도 평단 670원', '지폐주 되나요? 집안에 천원짜리 찾아봐야 할듯', '887감사합니다.', '목표가 12000원', '오늘 종가는 집김치임', '야잇 에바도 데리고가', '이거 오늘 상간다[3]', '평단 7000냥 형이다[2]', '평단 7000원대 형이다. 여긴 지옥이야. 빠져...[1]', '생물보안법이[2]', '김재섭 사기꾼', '정리합니다', '올 12월이 중요하다[1]', '다들 언제 매도?[1]', '워낙 많이 당해서', '경영 천제 죄서비형', '동전주들', '매도 매도 수고하셨습니다.', '작전이 들어간것같으네', '최소 vi는찍어야', '🚫🚫🚫🚫', '실시간 조회순위 뜨자마자 프로그램 귀신같이 파네...', '좀더 꼬셔봐', '올지폐간다', '실시간 종목순위에 떳네~~~', '+34%', '10% 이상 상승했어요 🎉', '5% 이상 상승했어요 🎉', '상항가가즈아', '계속 꼬드기는데', '두고 보자구요. 언젠가 후회할날 올거요', '다음주 지폐주갈수 있을까요~?', '오전상황 순환매 바이오 오는날', '월선  터치라 요까지...[1]', '느낌 이상 집안에 동전모아 몇주 사야되나', '사채평단770원']",13.04,Negative (52%),"매도, 평단, 이상",False
KOSPI,249420,일동제약,32500,29699,+9.43%,400,"[{'title': '오늘도진짜....[3]', 'date': '2025.12.10 19:44', 'views': '1'}, {'title': '낼은', 'date': '2025.12.10 19:43', 'views': '5'}, {'title': '시외  거래량  너무 터졌네', 'date': '2025.12.10 19:33', 'views': '31'}, {'title': '시외 백억?1분도 안되는 요새 거래를 몰그...', 'date': '2025.12.10 19:29', 'views': '32'}, {'title': '개인이 3일째 털렸고', 'date': '2025.12.10 19:29', 'views': '25'}]","['오늘도진짜....[3]', '낼은', '시외  거래량  너무 터졌네', '시외 백억?1분도 안되는 요새 거래를 몰그...', '개인이 3일째 털렸고', '그동안외인개관하던짓이있어~~~~', '시간외 봐줘 형들[1]', '일동제약은', '그림', '일', '내일 주포 언니에게 당하지 말고', '쩜상[5]', '스카이훌랄라 펩트론 추천하다', '뉴스에 일동 이름이가  빠졌네....', '스카이훌랄라 손절하니[3]', '시외  1000억어치  거래된건가요?[2]', '찬티들 나대는거 보니 오늘이 꼭지구나 ㅠㅠ[3]', '뚱보치료제는 이걸로 종결짓는다.', '컵위드핸들', '형 미래에서 왔다', '형이낮에 정리해줄땐[1]', '일동제약 주가분석 리포트(25.12.09) :...', '내일싸게 달라고 털린형들', '머니투데이 기사', '요새 유행 시외올리고 보합이나 마이너스 시작ㅋ...[6]', '내일 수익이 나도 버티세요 다음주까지[1]', '12월5일날 연기금털린거', '최고가가 20년 8만원 이였네', '내일 상한가에 걸어놔요?', '대반격의 서막', '시외 100억정도 터졋네~~', '시외종가 얼마인가요?[1]', '내일 시가는 34000원 스타트', '실력안되면 걍 장투해야지[2]', '외인 기관 막판 사들이네', '형님들 생사가 달려서 그런데[2]', '물량[1]', 'zzzzzzz', '일동', '갭 상한가[1]', '애국인 주포 계속 들어온다', '대상승 시작인가요?', '임상도 전에 3조원 계약~글로벌 기술이전 시간...[1]', '코로나때[1]', ""임상도 전에 3조원 계약…'먹는 비만약' 불 ..."", 'LO가 빨리 나오길 바란다', '원숭이 도배하는늠은 사라졌네 ㅋㅋㅋ  단타치다...[2]', '장 후반 심약개미 다 털렸군.', '오늘기어온 개미많네 없던 닉넴이많아', '장외  계속 오르네요^^', '이뮨온시아 급등 전 위꼬리 달고 쌩쇼할 때랑 ...', '벌써 끝난거임?', '종베 감사합니다[2]', '장중 52주 신고가 ㅣㅇㅇ원 모자랐네', '기관 외인 가만히 있네[1]', '시외에서 매도한 개미들..', '오늘 시초가에 1억 매수한 입장에[3]', '시외 벌써 끝나노?꼬무록 하노[1]', '일동은 시간외 에서도 2프로 상승중', '화이자 가 일동꺼 못사니~~', '일동은 매력적ᆢ[1]', '나는 어젯밤에 사라고 얘기해줬다[1]', '스카이훌랄라 어떡하냐[5]', '시외 깔매도가 사라 졌네요![1]', '단일가', '기자양반 제목 다시 바꾼거보소!!!', '개미들 털고 가는구나~~가즈앜', '시외가 심상치않다', '시간외 상한가 출발합니다. 뿌뿌...', '뉴스떴다', '시외 단일가 흐름보니~', '뉴스에 당한거임[1]', '무슨 냄새가 나는구만', '진짜 돌 겠네[1]', ""'저분자 GLP-1' 기술이전…일동제약 레퍼...[1]"", '쪽집게다 채소42000원 찍는다', '낼 갈려면 시외 거래대금 100억 정도 나와줘...', '12/10 장 요약: 비만·CDMO 투트랙 수...', '어제시외3퍼올리고 16퍼쏨[1]', '종가에 더 못담은게 좀 아쉽네..[4]', '알바2', '먼 찬티들이 막쏟아져 나오노[1]', '일동이~', '조만간', '이제서야 주목받네', '형니마[1]', '세력 ??? 화이자뉴스를 알고있었네?', '대박기사 떳네 참아 장끝나니깐 터트리네...', ""화이자가 불 붙인 '저분자 GLP-1'...[1]"", '화이지가 3조 인수면...', '■ 일동제약같은경우 안정적인 재무구조와...', '최소 3조는 가야 맞는건데[1]', '아~~ 진자 너무하네', '매수  했어요', '알바[4]', '장투한번 해볼란다', '차트', '거참.... 시외에서 왜 이래?[1]', '장 끝나고 공시 팍', '내일은 42250원 가볼란다~~~~', '개관들2[1]', '야오파마[2]', '시외 무슨일이고 ㄷㄷ[1]', '100%는 없습니다.', '형 미래에서 왔다', '이런', '그냥 다 정리해줌[2]', '일동제약 나왔네요..', '스카이훌랄라 손절하다[2]', '대충 감이오는군 ~~~', '심약개미 다 썰렸네', '매동 좋다고 다 가는거 아이다[3]', '휴 나는 막판에 조금 담았다.', '대세상승 초입인거 같기도하고[1]', '세력 개인중에있네', '개미들 고작 그거먹으려고 팔았뉘?', '장마감 후 매매동향[1]', '32500원에 끝났습니다', '써바 넌앞으로 글적으면 안된다네. 맞추지도', '이제와서 저분자 단일경구 한다고[5]', '올 왜 오른거임[1]', '느그들 3년전 조코바의 지옥 모리제?', '20분 되면 31800원 ㅋㅋㅋㅋㅋ[1]', '이번에는 진짜 중요하겠네요,', '■ 일동제약같은경우 안정적인 재무구조와.', '장끝나고 포인트 공유한다', '■ 누가 자꾸 5만주 3만주 2만주 계속 던져...[1]', '초대박낫네', '그리고 지금 발표하면 안됨!!!일동은 4수후반...', '33에 주차하고', '시대정신 원숭이는. 거짓말쟁이에 노름쟁이였네요', '존슨 이냐? 로슈냐?[3]', '+9.43% 양봉 32500원 주차하자.', '33마무리해주면 땡큐인데', '형들 빨리 팔아요', '33200원 투주여[1]', '나 일동이 다시 봤어', '지수 빠지네', '근데 시대형 진짜 안보인다', '내일부터', '진짜', '한번 개잡주는', '외국인 기관이 호구도아니고 쌍봉인데 이렇게 담...[1]', '자자...28000원 대기..', 'cda맺고 논의중임', '또또 장막판 못된버릇 나온다', '쌍뽕쌍뽕 하는데...![2]', '종가는', '■ 누가 자꾸 3만주씩 아래로 계속 던져요.', '그래 지금이 바닥이다', '세계 최대 빅3 제약사! (매출기준)[1]', '이제 쌍봉이네', '스카이훌랄라 고점 매수[1]', '상한가 안바라지만.. 주가 흔드는 공매도 느금...', '지금 이런 자리에서 매수하는 개미도 있구나[2]', '딱 100원 모지라서 두달전 전고 쳐맞고 내려...', 'ㅋㅋㅋㅋ', '화이자의 계약[3]', '상한가 간다던 개미들이', '다행이다 장막판 저점 32400원 예측 적중[1]', '끝났다고 몇번말하냐 ㅋㅋㅋ 쌍봉이면 끝...[1]', '거래량터졌네', '세력이 던지는 물량 받는 당신은', '와.....언플을 절대안하네?[1]', '■ 누가 자꾸 5만주씩 아래로 던져요 ...', '아직도 익절못한 흑우들', '내가사면 무조건 떨어지네', '33000 정리...', '찌라시라던가 공시가 안나오니까', '속보', '내일은?', '일동은 계약기사 나올때까지 왔다리 갔다...', '삼발이 찍으러왔네 ㅎㅎ', '', '가즈아  10퍼매수', '좋은기회', '일동은 정말', '저런 거짓말에 바보만 속죠', '쌍고점은 터는자리 입니다[1]', '이거보고 있다가 에이비 저멀리 가벼렸네', '하샹 ㅡㅡ[1]', '아 물렷네..', '와', '정리하고 간다.', '임상결과를 보고도 사기라고 하노 ㅋㅋㅋㅋ', '작업...', '■ 상승3파가 다 나왔네요.', '15만 가겠다[1]', '오늘 바닥매수. 종배', '여긴 세력이 없나 ?', '오늘  수익분 일부', '내년부터 오포부터 승인나고 매출 찍으면', '점심먹고 2차매수', '동호회', 'GLP-1 저분자 글로벌 핫트렌드인데', '심심풀이로 AI 에게 질문 (재미로만 보세요)', '주린이[1]', '외국인 기관  매수2위종목 뭔가있다[1]', '외국인 기관이 이리 마니 사고 있는데 주가 상...', '우리 외쿡 형님들...[1]', '상한가는없다 3년간 단한번', '오늘 쌍끌이로', '쌍봉이다 희망회로 돌리지말고 탈출들해라[1]', '밥먹고 상가자', '일동...아직 멀었다', '다음주까진 간다 지붕없다', '주식은 줄 떄 먹어야', '쭉눌러주는거보니', '개미만 죽어라던지네', '주포야 34,000원 뚫어라 빨리 짜증나기전에', '계약 언제뜨나..[1]', '33 깨지고 어디로 가농', '머선일이고', '', '털고나오길잘했네', '', '신념!', '내리 꼽는다.', '묻고', '아니 두호가 남겨놓고 뭔 gae ji ral ...', '아무리 봐도..', '매도벽 쌓아논거 토나온다 진짜 장난치나[1]', '흥분하지들 말고...지발~~~', '뭔가 언플,하나 딱~ 나오구', '한번에[1]', '대성산업', '아 이셋기 ㅈㄴ 꾸물럭 거려쌋네 ㅡㅡ', '1차목표가 5만까진 안판다[1]', '이제 뺀다', '이상승은 시대만 막을수 있다', '시나는 당장  화장하고 강릉갈준비를  해라', '계약 냄새 물씬나네.[1]', '인기검색 5위다 ㅎㅎ 1위를 향하여 고고', '34,000원 위로 안착만 하면 폭동이다[1]', '쌍봉 찍고', '지난번[1]', '오늘 매도할까', '쌍봉입니다 탈출기회 곧끝[1]', '상말아버려라 문닫자', '개미는[1]', '33안깨진다 박어라', '주마등아//_ 딱 봐도 겅시 마감후에 올리겠습...', '털린놈들은 딴종목에 에미 문상값 벌으라고[1]', '저분자 glp-1으로 돈이 몰리는중입니다', '4만은 무조건 넘긴다 조만간', 'zzzzzzzzzz[1]', '지금들어가??', '시대 팔지마라..[1]', '쌍고점에 겁도없네 설사 오른다 해도 이런판깨기[1]', '형니마', '프로그램 사는 척 파는 중 아닌가요?', '단타치다 물리면 가치투자라고 우기는 놈들..', '개미 탈기회 주지말고 날으세요', '오늘 왜', '간만에 거래량이 1,000만주가 넘었다', '3천만주 1/3이 거래되네', '', '상한가갈듯한데오늘', '주당12000원수익중', '오늘이[1]', '확실한 쌍봉시그널입니다 익절하세요[1]', 'ㅋㅋㅋㅋㅋㅋㅋㅋㅋㅋㅋㅋㅋㅋㅋ', '33600 입성', '앗싸~', '팔은사람들은 다시 손대지마라...[1]', '달리는 말에 올라타다..', '지금 단타치는 바보들', '4만가겟네~', '그동안 조정 심하게 받고 이제 움직이기 시작', '전체 시장 대장은 클로봇', '치질 똥고치료제 대장주[3]', '오늘', '3만원 밑에서 받아 묵을라고', '이거오늘 왜오르나요?[1]', '낼이', '아오 드럽게 밍기적거리네', '드디어 조롱에서벗어나나ㅜㅜ', '2.8억원입성. 잘부탁해. 형님들', '외국인 풀매수 개미 풀매도ㅋㅋ', '햐~~~힘조타[1]', '오늘 23퍼 이상 오르겠구먼', '일동엔 안티가 엄청 많네요 ?', '일동제약 납품업체 입니다', '쌍봉', '종가는[2]', '개잡주 그냥 하안가나 가버려', '역시 찬티 하락은 과학!', '일동이 주특기', '공매도한테 지지마라', '뉴스기사 한줄없네ㅋㅋ', '쌍봉 시그널 여기까지.[3]', '기울이전 ㅅㅅㅇ', '절대 사지마라~~~~!!!', '상한가 상한가 ~~~[1]', '공매도 완벽청산ㅋㅋㅋ', '익절', '개미 확실히 터는구만', '와 드디어 탈출하네', '어제', '곧 떨어진다', '갈수밖에 없는 이유,,,,', '요즘은 전고 돌파하는곳에 트랩 알고리즘이[2]', '비만 경구 임상 결과가 대박인데 그동안 주가가...', '이제 한시간은 15%에 꿀발라놓겠구만', 'ㅎㅎㅎㅎㅎ ㅎㅎㅎ', '34700원뚫고', '개잡주가 난리구나', '햐 프로그램 이거 또 지들만 좋은정보알고', 'ㅋㅋㅋㅋㅋ 어떤놈이 쌍고점이라고 하는데 걍 주...', '15% 이상 상승했어요 🎉', '약오르니끼 다르지~~', '와 vi발동 ㄷ ㄷㄷㄷㄷ', '박살나기 5분전ㅋ', '아니 33900원 자동매수 취소했는데 왜 사지...[1]', '흑우들 또 당하는구먼[1]', '빅팜 어디랑 계약[1]', '전고점', '파트너 구해나 ㅅㅅㅅ', '노랑머리 프로그램 왜 폭풍 매수여', 'ㅎㅎㅎ', '머리 마사지 자주들 하세요  행님들', '뭔가 터질 것 같은 순간', '이거 먹는 포경약 개발사 맞나요?', '쌍고점이네 ㅋㅋㅋㅋ 일단 먹고 뛴다[3]', '일동제약 특징주 뉴스 떴다', '3년  신고가의 계절', '치질로 엄청 오르네', '벌써익절', '급등종목 사유정리', '오늘~', '개관', '33400원 4회차 익절[3]', '상한가 가나요/?알려주세요...', '이제 1상이라 LO안된다는말은 쏙들어가겠네요', '본전왔다구', '크게 갈듯', '일동이 30000깼네', '이건...', '과연', 'LO 3-4조 가즈아~~~~~~~~~~~~~~~...[1]', '학습효과!', '29,200원 내 2000주[1]', '뇌동으로 33에 삿느데 ㅠㅠ', '외국인120만주매도 개미가받았디ㅡ[3]', '슬슬 바이오 물들어오는 와중에', '수급 크게들어오지않는이상 뚫기힘들겟다', '10%에 꿀발라놨냐?[1]', '비만약의 타이레놀. ;;[2]', '최고가도 못뚫냐?', '일동제약', '우리목표는 신한공매도 떨거지', '이뮨온시아 참고', '7', '거참 디게 뜸들이네', '이럴때 언플을하자 회사야!!!', '15만예상', '일동제약 따뜻한겨울 보낼께 고마워 :) 내복이...', '3년전 기억하라[2]', '못보든 아이디는 전부 작전 악당들입니다', '골드만삭스입니다.', '팔때', '현재가 입성했습니다', '물릴까봐 안절부절 하고 물어보는 사람들은', '일동 오늘 쏘아올려라', '이제 설거지 들어간다', '일동제약[1]', '', '야도 설거지 하넹', '29000원 팔아야한다는놈[1]', '32800', '야는 왜 오른 거임[1]', '2만원대에사서 3만매도 외치든 원숭이는', '아놔[1]', '푼돈드시려면 단타치시구욤', '발라먹기', '시총 2조까지', '상한가 근처', '귀여운 시읏', '문닫자', '외인 기관이', '일라이릴리,로슈도 뛰어넘었다[1]', '자자시읏31550 에 잘가시고[1]', '일동 파이프라인[1]', '3자 2자 와리가리 4자다', '외국인들은', '조막손 잔챙이 들어와서리', '간땡이 콩알 만한것들은 주식하지 말아라', '15만보고 간다[2]', '정보가 슬슬 새는구만', '네네 평생 들어오지마세요', '목표주가 상향  5만원', '일동. 알부민', '이 자리에서 일전에도 골로보냈지', '일동 정리해 준다[1]', '낼 점상 한번 달려보자.', '쫄보는  나가라', '쫄지마라 이건 무조건', '33800원에 매수한 분?', '자', '여긴 딜 안 나온다니까']",9.43,Positive (63%),"시외, 오늘, 상한가",True
KOSPI,105840,우진,18240,17330,+5.25%,32,"[{'title': '연기금이 많이 들어오는게[1]', 'date': '2025.12.10 16:29', 'views': '38'}, {'title': '외국인 기관 대량 매수', 'date': '2025.12.10 16:29', 'views': '48'}, {'title': '이병[1]', 'date': '2025.12.10 15:11', 'views': '101'}, {'title': '와 아까 오르니까 물려잇던 찬티들', 'date': '2025.12.10 14:46', 'views': '67'}, {'title': '시장가로 아까 풀매수 했습니다', 'date': '2025.12.10 14:38', 'views': '44'}]","['연기금이 많이 들어오는게[1]', '외국인 기관 대량 매수', '이병[1]', '와 아까 오르니까 물려잇던 찬티들', '시장가로 아까 풀매수 했습니다', '안녕하세요[1]', '외국인 기관 27만주 대량매수', '신고가따먹으려는 개미들 꼬신다음에[6]', 'ㅇ 빨리 와라 175[1]', '형이 마지막으로 팁준다[2]', '형이 뭐랬지? 월요일 시초가  위로 간다고 했지?[2]', '이거 급락안나오면 설거진디[1]', '15년전 19,900원 이제 다[1]', '영업이익 98억따리를', '175에 애가뤼 벌리고 있다.', '우진 같은.종목.트레이딩할때는', '캡뉴스 대기중[1]', '어서와 우진은 처음이지?', '프로그램은 잘 사는데[1]', '꽉 잡고 있어요', '8천3백여주 입성완료[3]', '개미들 입장하십니다~~', '19 트라이 함 하냐?', '암튼', '19900넘으몬', '단주거래 끝!!![1]', '한 주 사고 팔고 단주 거래 지금 거래소에 불...', '어떤 녀석이 감히 여기서 단주 거래 한 주 사...', '오늘도 신한의 놀이터다 아무튼 오르면 장땡이지...', '우진 형이 뭐라고 했냐?[1]', '신용', '5% 이상 상승했어요 🎉']",5.25,Positive (100%),"형이, 외국인, 기관",True
KOSPI,000660,SK하이닉스,587000,566001,+3.71%,400,"[{'title': '솔직히 내일부턴 삼전임 하닉은 뒤로빠지삼', 'date': '2025.12.10 19:49', 'views': '1'}, {'title': '외인 기관 매수, 개인 매도', 'date': '2025.12.10 19:49', 'views': '1'}, {'title': '신한투자 1660 머하냐 ㅎ', 'date': '2025.12.10 19:49', 'views': '1'}, {'title': '깊은 신뢰를 주는 주식은', 'date': '2025.12.10 19:49', 'views': '1'}, {'title': 'FOMC도 있고', 'date': '2025.12.10 19:47', 'views': '1'}]","['솔직히 내일부턴 삼전임 하닉은 뒤로빠지삼', '외인 기관 매수, 개인 매도', '신한투자 1660 머하냐 ㅎ', '깊은 신뢰를 주는 주식은', 'FOMC도 있고', 'SK하이닉스 흐름보니 답 나왔습니다^^[1]', '미리알고 호가 쓸어가네 ㅅㅅ[1]', '1660,1670주씩 반복매수~[1]', '이거 뉴스에 팔아야 되냐?', '이상한 200% 투경좀 없애라', '로또 2등 됬네 2등~~~~[1]', '자사주 adr상장 너무 생소한데[1]', '1660 매수[2]', '투자는 인사이트와 신념 그리고 베팅이죠[1]', '단타들을 하도 하길래 따라한다고', '뭐냐ㄷㄷㄷ나스닥 선물 급락중', '추매..[2]', '외인들이 냄새 맡았다', '낮에 판거 메꾼거같네[2]', '하이닉스 팔라는 넘들이 매국노인 이유?...ㄷ...', '세력형님들이 기회줄때 정리해라[2]', '지금 어떤 귀인이 1650주씩 계속 사고있다[2]', '호재밖에 없네', '앞으로 네이버증권 게시판 이렇게 바뀐다.[1]', '한호가올리는데', '일단 60 찍자 ㄲㄲ', '자사주 나스닥상장이 좋은걸로 아나보네[1]', '1600주씩 매수하는 친구봐라[5]', '내일은 외인뿐 아니라', '미선물은 빠지는데...', '1개월 이내에 추가 자사주 매입 공시 나올거다...[1]', '50주남기고 200주 처분했다[2]', '중국, 기술 기업들과 긴급 회의에서 Nvidi...', '이러다 최회장이 왕갑부될듯~', '1개월….. ㅋㅋㅋㅋㅋㅋㅋ', '어제 말씀 드렸듯', '미선물번지 ㄷㄷ[3]', '외국인들 투경 걸어놓고 개미들 매도물량 싹쓸이...', '내일부터 3일만 연속 올라봐', '미국 금리 인하', '나스닥 상장인데 이걸 판다고?[10]', '진짜ㅈ상장돼라', '역시 난  돈을 벌어드리는 운명 인가베  캬캬캬,어...', '야들아 안티들아[1]', '주가 올려놓고', '신한찬구에서 겁나 긁는데??[2]', '오늘도 연합인포맥스에', '어라', '오늘 하루종일 TV뉴스에..', '누가1650주씩[2]', '갭으로 신고가 뚫어보자!!ㄱㄱ[1]', '누가 이시간에 10억씩사냐[2]', 'ADR상장 주가 유지용임 머리좋네', '조강지쳐 버리는 속도로', '외국인 120만주 순매수[1]', '내일 투경 달고', 'ㅋㅋㅋㅋ오늘 넥장마감 60찍는건가?[2]', '신규입성완료 ㅎㅎ', '와 부럽다[1]', '다시 오르네 뭐징', '찌라시라도좋타', '외국인들 오늘만 8000 억원 매수[1]', '(속보) 하닉 내일 거래정지[5]', '나스닥 가당하기나 하니[2]', '근대  전고점이  너무 놉다', '약속의 7시다', '■삼성전자\xa0HBM4\xa0엔비디아\xa0퀄\xa0통과시,\xa0HBM...[4]', '뉴스계속나오네', ""★SK하이닉스 '속도 조절' vs 삼성전자 '역..."", 'ㅋㅋㅋ안티들아 거 아무말 대잔치좀 고마하고', '지금 ai 가술이 얼마나 단순한[3]', '포스코 kb 도 상장핸는데 당장해야지', '특검의  회유  조작  수사에  의해  양평  ...', '잘 팔고 안티[1]', '@@@ 투자경고 공시는^^[1]', '내일보고 추가매수할랬는데', 'ㅎㅎ', '난 이꼴을 진짜 보고싶다[1]', '외국인과 기관에서 던지기 전에 먼저!![4]', '■[단독] 삼성 HBM4, 엔비디아서 ""굿뉴스""...[4]', '오늘 외국인들이 급하게 매수한다고 해서', '내일은 세마녀의 날+ 미 금리확정(새벽)+ 투자...', 'gemini 3.0에 pro에게 자기 버전이 먼...', '내일 빠지나요?[4]', 'ㅎㅎ[1]', '투자경고 안갔네?[1]', '내일 폭락[2]', '짤짤이들 겁 먹고 파란색 파란색 ㅎㅎ', '낼 외인수급으로 인해60부터 시작', 'ai 거품[6]', 'ㅎ 닉스가~', '미장은 오늘 새벽 fomc 금리발표[1]', '아직도 개인물량, 700만주 있습니다.[2]', '낼 투경이라고 놀라실 분들 미리 파세요~~~', '오늘저녁', '재진입 망설여지네..', '낼모래 블랙프라이데이?[2]', '5000원만더[1]', 'NXT에서는 외인매도', '드뎌 차트 우상향■연말까지  65만 예상■', '장기투자  하는 사람으로서의 관점[3]', '반도체 특별법 통과로 투경 문제 종료[2]', '외인들이 3일연속 대량매수 개인 대량매도', '여기가 그 유명한 신용자들에 행복을 가져다주는...', '74억 개미다 ( 하이닉스 주가 예측 )[1]', '재밌는 국장 수준[2]', '시총 2위가 투경땜시 정지된다고?[5]', '축하합니다. 축하합니다~ 투경을 축하합니다~[1]', 'D램익스체인지, ddr5 현물가 일일 0.5%...[3]', '금리인하', '지수펌핑질', '■[경고,주의] 외국인 단타 밥.가산탕진.패가...[3]', '투경때 올리면 신용거지 못올라 타는거 아닌가요...[1]', '내일부터 투자경고 확정이네~[4]', '새벽에 금리인하 발표되면~~[1]', '내년2Q이후 범용d램 판가정체or하락 전망..[1]', '걍~~~~~', '국민노후자금[1]', '제미나이가 투경 아니래요^^[5]', '신용되는증권사어디냐', '진짜  내란  수괴가  드러나고 있다[4]', '삼전, 서버용 ddr5 월웨이퍼 8만장 증설...[1]', '드디어 경고', '하이닉스 거래소 한테 개기네.ㅋㅋ[1]', '삼성에게 기회가 주어 졌다[1]', '삼전 입장에서는 참 거시기 하겠네…', '오늘 투경걸리게 해놓고...내일부터...', '나스닥 상장하면 300만원은 그냥 간다.50...[2]', '라잇나우', '넥스트 장 급등 유력!!! 형님들 구조대 오...', '나라쿠나랔쿠', 'SK하이닉스 ADR 상장 검토 및 주가 영향...', '74억 개미다 ( 하이닉스 주가 예측 )[7]', '오늘 개미들 100만주이상', '올해안에[2]', '1년 100% 투경 또걸리겟네...[5]', '자사주가왜 회사꺼죠?[3]', '3일만 연속 올라서 70대 들어서면', '고점과 고점', '아직도 금리 동결이라고 똥싸지르는 애들 있음...[4]', '미국 양적완화 준비중', '니들이 오늘 안사면 잠이 오것냐? ㅋ[2]', '내일 종가 665000원[4]', '특검의  회유  공작에  의한  탄핵은  무효...[3]', '8시까지 재다가 비싸게 산다..[1]', '이런식으로 매일 계속 오르면', '그놈의 투경 투경 ㅋㅋ', '하이닉스 적정 PER 20', '금리인하의 꿈에 부풀어 있겠지만[3]', '뭐든지 관심받는것에서 문제가 터져야  이쓔가되...', '^@^))오늘밤    아니  낼  아침시에 4...', '몇번 말을 해야 알수 있을까요[1]', '내일 금리 동결이라던데[5]', '투경이니 이제수급이 어디로 가남', '반도체 세계2강 ㄷㄷ', '지수 펌핑질에[2]', '투경 지정이 가능할까?[1]', 'Ddr5현물가 하락전환..[1]', '추카추카', '12/10 장 요약: 자사주 들고 美 직행 검...', 'FOMC나 투경 여부와 무관하게', '삼전 게시판은 아사리판이구나[1]', '반도체산업갤러리발 hbm4 재설계 찌라시', '넥스트장 구조대 출동 부탁드립니다 하이닉스 형...', '투자경고의 모든것 (딴소리 하지 않기!)[5]', '홀짝... 과연...', 'ISA계좌입니다', 'ADR관련뉴스', '시총 400조짤 투경을 볼줄이야...[4]', 'D램 가격은 약간 내리는 것이 이상하지 않다.', '이따가 FOMC 금리인하 또는 동결 발표하면 ...[3]', '좋소[1]', '형들이 여기서 아무리 떠들어봤자', 'D램익스체인지, ddr5 16Gb 현물가 26...', '결국, 공매도 증감 현황을 보면, 1조원에 육...', '이쯤되면', '머지않아 전고점 646,000원 돌파한다.[1]', '투경되면 더 좋음[1]', '엔비, 내년 블랙웰을 주력으로..[2]', '투자주의, 투자경고....쓸데없는 소리다', '120만원 갑니다.', '투경이 별건 아니지만[2]', '닉스, 용인산단 1기팹 투자금 확보..', '엔비디아는 AI에게 주식매매 시켜서 돈벌면...', '겡~~축!!!!~~~  평단~~536,00...[2]', '1억 사려고요.[1]', '개인들은 줄때 빠지는게 최선', '투경가지고 안티하는 자석들[1]', '제시리버모어는 주식은', '몇몇 분들이 제대로 이해를 못 하고 있는데...[7]', '코스닥 상한가 종목 정리(12.10)', '일단 오늘은 익절', '내일부터 넥스트 거래가 안된다는게 거시기하...', '미확정 공시인데 왜 올랐지?[6]', '보통 투경가면 흐름이 좋지는 않지...', '시초가 는 개인들 못따라갈텐데', '1백2십6만4천3백7십5 (1,264,37...', '안티들  뭔  오지랖이여?  다큰성인인데 ...[1]', '외인 두달만에 100만개 이상 샀네', '2026년 미국은 인플레가 아닌 디플레가 ...', '외인 오늘 7300억 순매수[2]', '애매할땐 분할매도가 답임.', '외인들이 왔으니', '외인들 들어온다고 했죠?..', '투경 안준다닉까[2]', '가락노래방 우리딸래미들 용돈주러가야제~[2]', '오늘 가락노래방 20대 싸쥬 좋아 오뽜간다!!...[2]', '제가 초보라 그런데요 낼 거래정지인가요? (냉...[3]', '현대로켐 개호재에도 투경먹고 냐려가는고보고', '주도주에 모습 각인~~', '낼 갭으로 날라간다~~', '개인들', '아무 의미없다[1]', '투경이면 현금 풀베팅해야것네', '투경 들어가면 박살나냐?[5]', '우와 종가 586! 그것마저 맞추네[1]', '외인 매수 214만주..후덜덜..~~~~', '훈장 수여식 있겠습니다 ㅇㅇㅇㅇ', '내일 선물옵션 만기일인데', '올랐다 떨어졌다.', '반도체 특별법 법사위 통과[2]', '와 씨 매동 머여~', 'sk  태원이놈은 예전부터[1]', '개미만 털렸네ㅋ', '외국계 기관들 1.244.064주 대량 매수', '결국', '자~뜸들이기 끄읕', '내일 선물 옵션 만기이다.  내일 있는 현금 ...', '넥스트장 급등 할 ""제이엘케이""!', '투경???[1]', '투자경고 요건중에서...[2]', '하이닉스 ~미국상장  100만원간다[1]', '와 안티얘네들은[5]', '단일가 매매가 얼마나 무서운데...[1]', '필라델피아 반도체 지수에 들어가게 자사주 매입하...[1]', '577넘어서 투경확정됬네요 내일부터 당분간 넥스...', '개관들 죽었다', '‘주 52시간 예외’ 빠진 반도체 특별법 | 반...', '내가  꼭대기다[1]', '투경 되려면[1]', 'sk하이닉스 투경달면 폭락하는 충격적인 이...[2]', '양심은 있네[1]', '투자경고??[2]', '59 못가게 패대기 하는 신한?', '투경 달더라도 어이없네..[1]', '어차피 오늘 미국 금리인하 거의 확정적 이...', '투경확정됬네 ㅋㅋ 내일 부터 미수안됨 넥스...', '특검  노상원  회유  공작[1]', '거래소 동시호가보니,  투경 훈장 확정이군...', '브이자반등 나왔다', '반도체가 주도주긴하지만', '먼 60만도못가냐[2]', '586에 가두는 능력👍🏻', '그만 올라가 삼성 대리고 가', '중국은 hbm3e 받는다꼬~~[3]', 'ㅎㅋㅋ 평단~~536,000~~~~~~~~...[2]', '잘하고있어 난 투경끝나고 다시올게 바이~', '내일 새벽 하고 아침', '투경확정이네', '위너는 adr찌라시를 이용해 익절하는 자!...', '물량소화', '개미들...', 'ABF 라미네이션[1]', '12월에 기관', '외국인', '외인사기꾼늄들 대까리가 좋아 코스피 2700억...[1]', '개미들은 주가 상승의 걸림돌', '기관은 동시호가때 등판한다', '신용비율이 너무 높아서 투경먹으면 위험하다고봄', '오늘 FOMC 금리인하 0.25 확실, 파월 ...[2]', '내일부터미수거래 안되겠네 투경으로', '전립선비대증[1]', '산타랠리 올거같지?? ㅋㅋㅋㅋ[2]', '소심한 개미들 매도 때문에 ㅠㅠ[1]', '근데 다른 주식들은 왜 같이 떨어지는거임;;[1]', '3퍼 익절 800만 잘 먹고 간다[3]', '콜옵 청산 이유', '셀바스헬스케어 후속주!!! 하닉 형님들 구조대...', '어차피', 'FOMC[1]', '닉스때메', '동시호가 패대기냐 풀매수냐  ㅋㅋㅋㅋㅋ', '오늘 네마녀가 춤추는 날인데', '아직 모르겠냐?', '아니… 외국인들이 지금', '파월하면 떠오르는 종목 그건...', '일단 매도 투경은 일단 피하고 보자[1]', '왠지 578에 주차하려는 느낌인데', '내일 투경이든 지금이든[5]', '금융시장 붕괴 조짐', '기관 매국놈들[1]', '원위치로 갑니다.', '고작 10몇프로 지분만을 가진 개미들이', '외인들 개미털기', '개관들이 눌러대는구만', '베네수엘라 대규모신병모집', '내일 옵션만기와 금리인하 기대감', '내일..', '미래가치 판단과 목표가 설정이 우선', '운전 지리네', '올릴거면10%올리고 내릴거면 2%마감해라', '무빙이 투경 피하자네', '585,000원. 외인들이 8,000억원 매수...', '허허', '떨어지니깐 알바들 몰려오고 또 멘탈 흔들리쥬?', '낼 투쟈 갱곤가요?[2]', '간만에 외인들 엄청들어왓네', '577 아래로 안가면ㅋㅋ', '1/3 질질질  ㅠㅠㅠ 곧 반토막 되나?', '동시호가에', '투경 안가려나', '내일 금리인하하면 날아간다. 확률 거의 90프...', '대비해라', '장난하나[1]', '자꾸[1]', '오늘 수급 보면 당분간 매수세 강할듯[1]', '60만원이 목표가 아니다.', '일단 팔자', '미국이 베네수엘라  점령 원유 싹쓸이하면', '형들 도망가라고 말해줬다 죠땟다고[2]', '테라뷰에서', '이재명 ADR 이야기 안물어보내', '지수1600상승', '캬....  이와중에  개인은', '닉스, 내년에 hbm3e 물량 30%늘린다..[1]', '삼전으로 ㅌㅌㅌㅌㅌ', '앞으로 3배 오른다', '죠땟다 튀어라', '무조건 사야한다', '외인은 익절해서 어디로 가고 있을까? 순환매 ...', '금일 전량매도 완료', '지수 폭학 폭망 ㄱㄱㄱㄱ', '일봉상 macd선 골든크로스 맞았다~', '엄청 강하네요', '아직은 외놈 승 ㅋㅋㅋㅋ', '단기59 꼭지 찍었네....[2]', '토껴라[2]', 'ADR 상장사 열나 많다.[1]', '외인 프로그램 벌써 1조 2천억 매수', '11일 새벽4경', '## 망 이다 ㅋㅋㅋㅋㅋ', '썩여리 잔재청산은 계속되어야 한다', '이야 그래프 이쁘다', '다시 조금씩 내려가네..', '아 1 8887', '잘 먹고 갑니다. 50층 초반에 다시 올게...[3]', '577 아래로 안가면 내일부터 마진콜', '형의 주식 실력을 바탕으로 내일 예상[4]', '외인 매집 구간이 제각기라 하방낙하는 없을...[2]', '투경 확정 아닌거 아님?', 'AI시대', 'ㄱㄱㄱㄱㄱ', '까불어서 미안 닉스 대장 맞아 국내 유일한...', '하이닉스 열라 쎄네~', '오늘 577 아래로 안가면', '봉가는 7% 상승마감', '낼까지', '역시 물량 개미한테 넘기려고 올린거군[1]', '하닉 60만 돌파 후 코닥으로 돈 몰린다', '오리온의 홀딩스!!', '봐라', '하이닉스는 악마!!!!!!!!!!!!!!!!...', '아 1 8888 1 8888', '설마 577 이하로 내려 투경 피하려는 수작...', '투자경고 공시 모르는 신규 단타가 들어온듯', '내일 옵션과 관련해서', '577ㅋㅋㅋㅋㅋ', '투경피할라꼬', '오늘 590에서 비중을 줄였어요. 주초 상승...', '이제럴 하다 원위치로 꼬나 박아야지  ㅋ', '재래시장에 진열된 명품[1]', '어째꼬라지가', '갈까 내려갈까 궁금  아마 내려갈듯', '외신보도에 의하면 미국과베네수엘라 전쟁 초읽...[2]', '아주 정상적인 매매패턴으로 보여 지네요 ㅎ', '폭락시 부작용 만만치 않을듯~[1]', '슬슬 짜증나네 1 888 7788', '지각한 개미는.. 지금부터 줍줍 기회 줄께~...', '외국인 100만주면 6000억 정도 쏜거네....', '최태원이 팔고 있는거 아녀?', '투경먹으면 않좋은건가요?', '', '익절 마지막인듯', '내일  재밌는  하루일거같긴하다  캬캬캬', '아이고 외인 자금 부족이네', '공무원님 좀만 더 버텨!![1]', '내일 매도 폭탄으로 증권사 전산 마비될듯', '금타   나 지금  하이닉스 같이  신용불가 ...', '일단 비는 피하고...', '참고로 약상방 큰하방임', '고점 분배전략', '내일이', '기관 동시호가에 1조 매도 폭탄할수도[1]', '이젠 투경받고 가야됨...', '으휴....   ㅎㅎㅎㅎ', '투경 저녁 8시 종가 기준이죠?[3]', '62층에 욕심개미 있어요. 공매도 잔액은 급감...', '주식 신용 잔고 역대급..', '안티들 현실부정하는거 웃기네 ㅋㅋㅋㅋ', '국제적 개망신 1시간 30분전[1]']",3.71,Negative (55%),"투경, 내일, 오늘",False
KOSPI,011280,태림포장,1960,1925,+1.77%,85,"[{'title': '쥐포놈 보거라...![3]', 'date': '2025.12.10 19:43', 'views': '1'}, {'title': '윗꼬리 2번 쩜상 더 큰거 보여주까?', 'date': '2025.12.10 19:39', 'views': '3'}, {'title': '내일 쩜상 공군다[3]', 'date': '2025.12.10 19:27', 'views': '8'}, {'title': '이론 샤기군 차트능 프린트해서 모니터압에[1]', 'date': '2025.12.10 18:37', 'views': '17'}, {'title': '', 'date': '2025.12.10 18:30', 'views': '2'}]","['쥐포놈 보거라...![3]', '윗꼬리 2번 쩜상 더 큰거 보여주까?', '내일 쩜상 공군다[3]', '이론 샤기군 차트능 프린트해서 모니터압에[1]', '', '이 잡주는 누가 이래 팔아재끼는거임??[1]', '태림포장 주가분석 리포트(25.12.09.) :...', '시외 5만주 걸어도 안빼네요[1]', '5만주만 걸어봐야지[1]', '시간외 저넘뭐고?[1]', '주포들.엄청.요란스러운데...', '시간외', '흑성탈출[1]', '엄청흔든다[2]', '', '오늘오후3시 공시/오늘도 최대주주 추가매수[1]', '', '', '먹구름[1]', '막판에 시장가로 막던지라', '보합 가긋당ㅋㅋ', '답이 없슴', '18516', '뭔일이다냐', '18516주[1]', '아놔', '', '아무생각없슴[1]', '1970대 3만주 매수. 설마 음봉안가겠지?[1]', '머 이건 딱 사이즈 나왓네', '불나방[1]', '호가창 얇은데 누가 시장가로 사냐 이걸', '하한가', '깔끔하게 이틀 해먹었네', '작전주', '이런양아회사는', '작전 회사', '계단씩하락이다', '봐봐. 키움 단타동호회 계속 몇만주씩 먹튀하잖아...[1]', '모양새...', '', '잘 조금 더 담아둬[1]', '고수님 이유 공유 좀...', '머가 이리', '다시 쳐내리는건가??', '이유를 모르겠네 재진입', '발표하면 사도 되잖어', '끝난거 같은데', '기사들 안보나..', '5년 이상 묶이고 싶으면 들어오셈', '이유를 모르겠다ㅜ 일단 익절', '어제랑 살짝 움직임이 다르네', '● 공개매수 자진상폐 가짜 찌라시 전부 캡쳐중', '자진상폐(?) 이슈 인가요?', '겨우 잡았다', '내말이 맞잖쑤. 키움단타 먹튀 동호회.', '공개매수야?[2]', '코오롱모빌 봤제 저평가 품절주 공개매수 매각이슈...[1]', '4500원 공개 매수 후 상폐', '믿고간다 ㅅ', '먹고 나와.[4]', 'HTS 특징주 뜨는순간 요즘 2~3연상은 기본인...', '최소 4천원해야지', '자진상패 진짜???', '호재가 뭘까?', '갈등생기네 ...', '태림포장 상한가..축하해요', '자진 상폐', '개잡주 먼데 이리 소란인가요(평단1960)', '진짜 가냐?', '15% 이상 상승했어요 🎉', '10% 이상 상승했어요 🎉', '태림포장아 상한가그리고 무림페이퍼도 상한가', '너무나 싼 현주가1939원..', '태림페이퍼 인수 합병! 적정주가 5,000원', '태림페이퍼 합병 후 재상장! 적정주가 5,000...', '태림포장 상한가갑니다.외국인 5만주 순매수하네요', '태림포장 공개매수 상폐 태림페이퍼 재상장', '5% 이상 상승했어요 🎉', '어제 장난질 서암이랑 벅스는 다 회복해줬는데', '쳐다보고있으면 이 쥐 얼', 'SUN&L 상한가', '합병', '태림포장이여 상한가갑시다', '태림포장 태림페이퍼 합병이네요']",1.77,Positive (92%),"태림포장, 이상, 태림페이퍼",False
KOSPI,001520,동양,834,828,+0.72%,16,"[{'title': '동양이 주가 안오르는이유', 'date': '2025.12.10 18:26', 'views': '6'}, {'title': '[AI 요약] (주)동양의 단일판매ㆍ공급계약 ...[1]', 'date': '2025.12.10 17:00', 'views': '65'}, {'title': '4시 7분 23초[1]', 'date': '2025.12.10 15:23', 'views': '68'}, {'title': '하방 경직성 구간이네..,', 'date': '2025.12.10 15:08', 'views': '38'}, {'title': '830원', 'date': '2025.12.10 14:28', 'views': '24'}]","['동양이 주가 안오르는이유', '[AI 요약] (주)동양의 단일판매ㆍ공급계약 ...[1]', '4시 7분 23초[1]', '하방 경직성 구간이네..,', '830원', '상 3방은 가야 하는데 조정이  계속되네요', '대피하세요!', '공시', '', '여러분의 행운을위해[2]', '', '2시 17분 54초에[4]', '조심해라[1]', 'ㅋ...동양우/2우...우선주  떡상에 합류하...[1]', '동양 자사주', '고속보고 들어왔더니 ㅠㅠ[1]']",0.72,Neutral,"동양이, 주가, 안오르는이유",False
KOSPI,018880,한온시스템,3710,3694,+0.41%,46,"[{'title': '공매도   대차잔고  상위종목   항상   TO...', 'date': '2025.12.10 18:35', 'views': '7'}, {'title': '어후 흑개미들[1]', 'date': '2025.12.10 17:27', 'views': '101'}, {'title': '한온주주[2]', 'date': '2025.12.10 17:08', 'views': '78'}, {'title': '제가 보는 주가 흐름.', 'date': '2025.12.10 16:30', 'views': '138'}, {'title': '이거 언제 2천원오나요', 'date': '2025.12.10 16:28', 'views': '67'}]","['공매도   대차잔고  상위종목   항상   TO...', '어후 흑개미들[1]', '한온주주[2]', '제가 보는 주가 흐름.', '이거 언제 2천원오나요', '신주14만주.본주10만주 보유중[3]', '괜히샀나.[1]', '올라가면  다시  내려 꽂는  종목', '단타들 난리 나는 구간임', '이주식', '주르륵[1]', '8R 종가 얼마인가요?[1]', '', '부국증권 직원들이냐?', '지금입니다', '내일 상장폐지한다', '눈치보다가 신주먹을거 같은데', '공매도   스  블   죽었다  너그들', '종가가...', '지수가 4천이 넘었는데 ㅎ', '적당히 해라', '신주인수권 아직도 안 판 사람 있나?[1]', '다들 바보될 각오 되어있나?[4]', '신주 인수할 생각은 없고 죄다 콜옵션 매수...', '신주인수권 15원 마감예상', '8R 금일 장중(15시30분)까지 거래 가...', '대차 잔고만 낮으면 딱인데..', '신주 약 3억주 결국 20원대 마감하나', '인수권 종가 예상', '이 놈은...', '과연', '왜 투혼에는 청약할수 있는게 안뜨죠?[1]', '아까 좀 고민했는데ㅋ[1]', '조선족은 공매도', '외국인 연속8일 매수했네요', '고작 1~2% 올리려고 한거냐? 5% 이상...', '한온주주들은[2]', '마지막날 굿샵~~[1]', '신주상장하고[1]', '한타 뭐돼', '오늘 갭상승 축하드립니다 유증성공', '장난...망해야 합니다.', '유증받는순간', '유증가격 3,480원 확정인가요?[4]', '코스피에서 안오르는 건 이것 하나뿐인것 같네', '이제 장난질 고마해라 마이 뭇다']",0.41,Mixed,"공매도, 8R, 종가",False
KOSPI,034020,두산에너빌리티,76800,76700,+0.13%,146,"[{'title': '투경해지 19일', 'date': '2025.12.10 19:42', 'views': '1'}, {'title': '머 짜다리', 'date': '2025.12.10 19:07', 'views': '34'}, {'title': '이야', 'date': '2025.12.10 19:05', 'views': '40'}, {'title': '대형원전 6기정도 한국원전건설최적지 ...[1]', 'date': '2025.12.10 19:04', 'views': '1'}, {'title': '울산울주에 대형원전2기 한강하류지역에...', 'date': '2025.12.10 18:50', 'views': '78'}]","['투경해지 19일', '머 짜다리', '이야', '대형원전 6기정도 한국원전건설최적지 ...[1]', '울산울주에 대형원전2기 한강하류지역에...', '한국 해상풍력발전소 대폭확대예정 한국...', '원전이 친환경이면 핵폭탄도 친환경인가...[8]', '지금부터 10시간 후!! 대한민국 주...[2]', '시외..', '투경해제는 언제되는거여 잡주ㅡㅡ[1]', '매일같은금액대', '3일연속 종가 주차하는게 정상이라고 ...[2]', '어제는 백원 떨어지고 오늘은 백원 오...', '어쩌면 내일 잠깐의 기회가', '와우 2찍이들 오늘 100원 처 먹었...[5]', '빌빌빌...', '투경이없냐', '왜 원전은 보급이 어려울까?[5]', '외국인지분 많이 줄었는데[2]', '금일투자 동향', '야이~☆새들', '자사주 어덯게 된거여', '한국경제 폭망[11]', '연속 도치캔들[3]', '어째 차트 모양이 어제랑 똑같냐', '역시 조성자들 수고했다', '', '주식시장에서 살아남으려면[2]', '처물린애들 곡소리가 아주보기좋네[1]', '두산애널빌리지[6]', '내일[2]', '통일교 돈받은 민주당[3]', '하루종일', '오늘도 100원치기 고생했다 ㅋㅋㅋ[2]', '동트기전 새벽이 가장 어두운 법', '재명아[3]', '아침에 잠깐[1]', '공매도들 똥줄 탄다.[1]', '얼렁튀세요[1]', '투자경고[3]', '성장형펀드 150조 출범 최대 수혜주들은', '파란불 시작됐죠^^', '안된 얘기지만[4]', '직원들월급은', '가두리양식장에 물고기들', '👍[1]', '시총 120조는 간다고 본다[1]', '여기서 뭐해?', '손정의가 재명이보고 원전 필수라햇는데[3]', '57000 원[1]', '한국은 원전을 추가하든 태양광풍력가스발전소를 건...', '원전거지들', '두산에너빌리티 나왔네요..', '좌파든 우파든 환율 1500원 넘긴 대통은 필요...[3]', '여기서다들부자', '지겹네', '시장 조성자들아[1]', '가장 큰 문제는 수주공시가 없다는거[2]', '엘지전자 77의 공포가 떠오르네', '????', '이런개잡주는상폐시켜야된다', '두산에너빌리티 투자분석', '현금 갖고 있다가[1]', '친1파 극우뻘겅이당  ㅋㅋㅋ 형왔다 선착순...[3]', '■■따시 리바이벌[1]', '리재명  국가대포[1]', '역시 신한증이 공매질 시작', 'ㅋㅋㅋㅋㅋ역시 개신한^^', '●저까 똥투기주는 쳐다도 볼 필요없다', '3일째', '■■최하 천마넌짜리 투기 수혜산업', '투경 길어질라', '기대안한다', '1시부터 떡락 시작~!![2]', '두빌주주분들 전부 최소 300퍼이상수익중인...', '백원띄기 하느라 욕본다....에구', '페이크 상승에 속지마', '타 종목 다오를동안', '', '수주잔고 대박 ㅋㅋ[1]', '투경[2]', '당분간[1]', '떡줄 놈은 생각도 안하고 있는데', '국장 외인들 수급 언제 들어오냐?[3]', '세팅', '10만', '두산~~~[2]', '역시 개래소가 개금투들 연합집단이라', '흙탑  쌓아봐야', '올라 갓다가 다시원점.', '느낌은', '세력은 기다리는 중이라 했다!! 내일 새벽...', '까딱하다간', '앞으로 2년간 계속 빠져서 3만원 갈 주식...[2]', '안된답니다', '주봉 20일선에 대기중', '태양광 좋아하는곳으로~', '일본 지진 큰거 한방 오겠더라', '올해 수주목표 30% 상향해 13~14조 ...[1]', '적자에 고시총.', '', '말 들었으면  손해없었다', '야들아 걍 나와라[1]', '기관를 사기치지마라', '투경해제', '가고 싶어도 참아야 돼', '누수케일 2달만에 반토막인데', '박두환씨는 언제 재입성할까요?', '투경인데 이 정도면', '이개잡주는오늘도이모양이네 상상초월이다[1]', '두산에너빌리티 나왔네요..', '이러다가 또 오후에 개미좀 꼬시다가', '(( 오 후 )) 긴 ㅡ급.건 입니다 ![4]', '두빌이 대한민국 대표 잡주가 되었네.', '더떨어졋음 좋겟다', '북치고 장구치고 하지 말랬지', '신한형님들 믿고 공매', '풍수지리 맛집 두산에빌', '따라붙지 말라했다!! 설마 또??[2]', 'ㅋㅋㅋ개신한 떴네', '또 또  또  G  E   R    떤다', '통일교뿐아니라 기독교도 한국정치에 개입을 ...[2]', ""투경은 기술적 '경고'일 뿐[1]"", '★ 두산에너빌: 3분기 순익: -240억 ...[1]', '원전주 담은 지피티 근황', '드디어 움직이기 시작 했다.', '돔황차[1]', '역시 많은 사람들의 예상과 반대로 가는군[2]', '거래량이 많이 줄어들긴 했네....', '투경 상관없이 슈팅[2]', '보합간다', '힘있게 못 오르노? 다 된기가?[1]', '두빌은 항상 오를것처럼 하다 내리꼿는다[2]', '아~~장난하나', '1년전보다 600%오른 이수페타시스는 투경...', '올라밨자 하방', '신용연장', '오늘부터 저가매수세 들어온다고했다[1]', '오늘[1]', '투경때문에 잘 못오르네', '다시바닥', '오늘은 바뿐 일이 있어  걍~~ 이쯤에서...', '오늘은 외인이 백만주이상 매수', '★ 두산에너빌: 3분기 순익: -240억...[2]', '최근 투주,투경 종목 특징', '72,800원']",0.13,Positive (66%),"역시, ...[1], 오늘은",False
KOSPI,005930,삼성전자,108000,108401,-0.37%,400,"[{'title': '이재명 지지자 = 딸아내 강간당해도 이재명 지지하...[1]', 'date': '2025.12.10 19:45', 'views': '1'}, {'title': '사전매도 부정거랴', 'date': '2025.12.10 19:45', 'views': '8'}, {'title': '큰형님들 10억씩 계속 쏘네 ㅋㅋ[1]', 'date': '2025.12.10 19:44', 'views': '1'}, {'title': '', 'date': '2025.12.10 19:44', 'views': '2'}, {'title': '나는 극우입니다', 'date': '2025.12.10 19:43', 'views': '8'}]","['이재명 지지자 = 딸아내 강간당해도 이재명 지지하...[1]', '사전매도 부정거랴', '큰형님들 10억씩 계속 쏘네 ㅋㅋ[1]', '', '나는 극우입니다', '조진웅이 이재명 지지자 대표였네', '불법 불공정 사전매도', '차기한은총재채용공고.', '촐싹대는  3위인', '개닉스에 순위 넘길판~', '선동아 신병 받아라[1]', '☆ 강간강도 차랑절도범 조진웅 ☆[1]', '코스피 나락중', '■하이닉스가 HBM4 재설계 문제로 1년 정도 퀄...', '◆오히려 전과있고 흠도있는 사람이◆[1]', '2찍빨괭좌파 사상범 잔당빨괭성지 조선의모스크바며 ...[1]', '트럼프', '이재명 지지자들 전부 범죄자인가요?[3]', 'Fomc발표 새벽인가요?[1]', '""중국, 기술 기업들과 긴급 회의에서 Nvidia...', '1찍은 전부 조진웅같은 범죄자들[3]', '옿 미장', '삼성전자는 정치글 때문에', '대장동 수괴의 개 특검이 민주당 비리를 감추려다 ...[1]', '전고점부근에서', '나닥[1]', '내년 영익이 100조 넘고[1]', '검정은 어디에 있어도•~', '손실을 보고있는데  걱정은 안됩니다  그냥  1년...', '여야 지위고하없이 엄정하게 수사하라는데? 왜  안...[2]', '◆전과자라도 좋으니 정치는 실업가출신◆', '2직더라 얼굴에 칼질한 술집가스나', 'Sk하이닉스 미장 상장추진 뉴스[1]', '설마 넥스트장에 비겁하게 올릴려고', '정동영 전재수 뇌물받은 놈들만 장관뽑았네[2]', '◆조희대도 결국 지한몸 사릴것 ◆', '현실적으로', '좀있으면..조두순이도..지지하것다[1]', '★ 우리가 조진웅이다 ★[1]', '올 미장급등', '◆""윤어게""애는 좌파인게 티가남ㅎ◆[1]', '적반하장 ////////////////////...', '정상인이면 절대 1번을 찍을수없음[2]', '내 시나리오가 맞네[2]', '갑자기', '군인은 원수에게 복종해야합니다[1]', '', '주진우는 정치계에 오래 남겨 놔야함', '속보)미국, 쿠팡 해킹사건으로 최근 매출 감소...', '노상원 법정 증언으로 내란죄없는 내란특검이 한...[1]', '조진웅보고 오늘부로 이재명 지지합니다', '이재명 지지자 = 범죄자밖에 없음[1]', '좌파든 빨갱이든 뭔소릴해도[1]', '자유대한민국 역사상 위대한 3인[2]', ""삼성전자 '역전 승부수', HBM4 최신 근..."", '아니라고 하세요 넌 그럼[28]', '이재명 지지자 = 조진웅같이 인생 삼[1]', '주식은 후반영[1]', '보안법 폐지하면 우린 오또케', '■삼성전자 HBM4 엔비디아 퀄 통과시, HB...', '실패한 계엄은 그자체로 죄다.[2]', '삼토방에서 좌파운운깽판친 2찍 사상세탁 사기꾼(=...', '이제 주식시장', '', '병역기피범이자 뇌물축재범이', '미 프리마켓...나쁘지 않은데', '윤석열의 자유비상계엄은 정당했읍니다[2]', '대구가 아시아에서도 동양의모스크바라 했다나? ㅋㅋ...', '이재명정부경제성장론보니께', '거니와 복면 지인들', '■■삼성전자 HBM4, 엔비디아 ‘굿뉴스’… 공급...', '삼전 하이닉스로 3개월간 3천만원정도 벌었네', '◆요새40대부모들 애들예의교육하긴하냐◆', 'KAL기 858 폭침사건 일어나면[1]', '내란세력은 끝까지 잡아 족쳐야 한다[1]', '조두순도 이재명 지지하면 용서가능한가요?[1]', '이상하게', '[단독] 삼성 HBM4, 엔비디아서 ""굿뉴스"" 평...', '대구는조선의모스크바다 생생한 사회학적 증언 기록 ...', '1찍 2찍 강간 통일교 이런거 주식토론방에 글쓰지...', '북한에 몰래 돈 퍼줬다면 북괴간첩 아닌가?', '조진웅 vs 조두순 차이점이 뭔가요?[1]', '◆3無의 운동권 자식세대가 온다◆', '조진웅 배우 조롱하는 극우들아.', '전두환이때 노태우 당선시킬려고', '살다살다 국보법폐지를 한다는 미친정부는 첨...', '대배우 조진웅이 이재명 지지한다네요', '2찍아 조선의모스크바는 대구다 ㅡ>이런곳이...[1]', '정치이야기 종교이야기 하지맙시다[1]', '■[단독] 삼성 HBM4, 엔비디아서 ""굿...', '강간강도범이 지지하는 이재명', '대체 환율은 언제잡는거냐', '자사주 언제 소각하나요?', '조진웅 배우님   컴백해야 함.', '조진웅이 이재명 지지자 표본이네', '제주 4,3 살육 사건[1]', 'ㅋㅋㅋㅋㅋ', '', '범죄자 대통령되니 압수수색 영장도 사전검열...[1]', '산타랠리는 없다', '산타랠리는 없다', '전세계,  신정일치국가 되면', '조선의모스크바가 보수성지 심장부라고 사기를 처대고...', '이세상 다 재판받고 최후1인이 남는다면', '대구시장 민주당에 뺏기면  국짐과 극우는', '나빠루 임종성 정동영', '질라도 방송의 질라도 여자[1]', '54012개', '통일교 해산 이 답이네 !!!!!!!! 관련자 철...', '현 붕어대가리 정부   ㅋㅋㅋㅋ ㅋㅋㅋㅋ', '★달러 안산 흑우없제?1찍들은 달러 사지말어라~~[1]', '권성동과 통일교 딱걸려들어 ㅡ> 막걸고 넘어지냐 ...', '사이비 기독교에 ,  대형 기독교들보면', '통일교 돈먹은 것들', '국민우롱죄로 사살 해아됨', 'JP모건도 비트코인에 물렸네', '통일교 신천지  사랑제일교 스스로 문닫거라', '벙죄정부 전원 국법으로사살해라', '통일교가 외환이 없을때', '좌파운운사기치지말라! 2찍의 민낯 (똑똑한페퍼) ...', '가짜정부타령하는 내란극우들.', '행태들', '◆그 요새 2-30대 애시기들은... ◆', '진짜 너무할정도 아니냐?[10]', '증권방송에서 전문가님이 15만원 간다고 했는...[2]', '삼전이제', '통일교 게이트 열리는 구만', '암세포의 아이큐은 세자리인가?', '[속보]손절매하기 바쁜 내란  ..토끼기 시...', '배우를  성인군자들만 해야만 한다면.[1]', '금리 인하', '★서학개미탓 많이해라~그중에 1찍들 많을테니...[4]', '걸크러쉬 좋다고 찍는넘에게', '쓸만한 종목 좀 띄우길 바라', '정부 4조 5000억', '차훔치고 폭행하고 집단강간 정도는 해야[4]', '국면전환 용', '일잘하는 정원오 서울 시장 가자[1]', '미국금리인하 호재?', '1찍   붕어 머리들 ㅋㅋㅋ ㅋㅋㅋㅋ', '조진웅 배우를 저격하는  극우들.', '2제명의  핸드폰 난리 뽕짝', '잘먹고 나는 간다!', '박나래 입건 축하합니다.', '핵추진 잠수함도 세금낭비라고 괘변을 내뱉...', '삼전', '이재명정부 6개월 간담회? 성과도 없이~...[1]', '미 선물은...일단 양봉이네', '지길연이가 잡범 사형선고할기란다 ㅋ[2]', '골드만 삭스는 오늘까지 연일 매수 중이네', '오늘 하닉 고점에 털고 삼전에 올라탔습니...', '이재명정부 고환율과 국채가 상승하는데도....', '하튼', '박정희,노무현!', '★1찍의 민낯 - 지들이 선전선동하는건 ...[4]', '개미다털리고 외국인 매집중', '전과자 대통령 운운하면서', '노상원 대통령', '★ 나경원이 점점 영양가가 없어짐', '단독 - 나빠루', '■주가 14만 시대 개막, 내년 HBM 매출 2...[2]', '수양이 원래 단종을 안주길라했는대  그추정세력들...', '낼 10망 깨질랑가', '자사주 매입후 소각하다고 했는데', '하닉 투경인데', '여긴 북한 사이버들이 글올리는데가', ""'이 재판!' 지귀연 보며 고성‥격분한 특검 '...[1]"", '★ 김건희 vs 김부선[2]', '여기에[2]', '40대50대[2]', '외인 이제 삼전팔고  닉스로~~~~~', '개잡주 개사기기업 청산해라 징글징글하다', '국힘이 이제 조금이라도 정신차리나', '불운한 국민들.', '한동훈..제거하지말라.', '왜 ?', '전재수', '세계2강 ㄷㄷ', '★ 2찍들은 점점 지쳐가??', '◆성범죄전과자가 뭔 문제냐.◆', '환율급등이유', '코스닥 상한가 종목 정리(12.10)', '집단 중범죄지역 대구갱북에 꼭 필요한 ...[1]', '지수펌핑질', '찬탈정권계보.', '6시', '누구한테만 버블인것이죠[18]', '정면승부는 꽝.[1]', '코스피 4000돌파하고, 삼전이 10만...[1]', '보유하라 내꺼 소유 하라', '반도체 산업갤러리 발 찌라시 hbm4 ...', '게시판에 신천지, 통일교 & 2찍 극우', '키움증권이 예상한 삼성전자 2026년,...', '하', '솔직히[2]', '닉스는 조심해야 합니다', '국민투표하자.[1]', '대개..', '이번주', '개딸 조롱하는 무식한 자들.[2]', '삼전 형님들~제이엘케이!! 넥스트장 구조...', '현 대한민국 3대 이단 종교.[2]', '너는', '대통령으로서  윤석열과 이재명을 비교[2]', '어유', '민중기를 구속수사해야한다', '지금 시대에 국짐당은  국정운영 능력이 ...', '삼성전자 & 하이닉스', '★ 이재명 = 윤석렬x2[2]', '삼전. 삼민대 매수. 300주', '자사주 소각도 안하는 부도덕한회사 재드삼...', '민주인사 만명을 배에실어 폭사시킬라고 계...', '삼전은...', '판검새는 신이니라', '갓재명  지지율 64%[1]', '통일교 한국지부 내란당[1]', '★ 2찍들아 한동훈 빠지면', '김현지가 궁금하다~', '삼성증권 사장 박종문이 당장 해고해라', '기회줄때..매수해야지[2]', '뇌물준 통일교도', '포악하고도 비겁한 깐족뚜껑 한동훈', '조진웅 이선균 & 조희대  윤석렬[1]', '내란당 = 통일교가 점령[1]', '더불어를 청산하자', '내가 떨어질꺼다 말했지?', 'ㅇ이재명 측근의원 한학자총재님 만나뵙고자...[1]', '삼전 선물 옵션 만기 매물 소화!![2]', '코스닥 상한가 종목 분석(12.10)', '매도 물량이 지배적이에요', '실시간  매수매도 상위 5개사 ㅋ', 'ㅋㅋㅋ', '이거 내려도  더럽게 내려...8% 이상...', '꼭 최저시급에 맞춰주나 일이백원 더 주면...', '반도체', '12월 22일에 들어와도 시간은 충분.', '조용히하고 20만 전자 되거든[1]', '종가?', '이 개잡스랙이 동시호가좀 처어없애라[1]', '1찍들', '1찍들', '삼전사고 징징대는 인간들[1]', '★ 2찍들아 나경원 사퇴 어때?     ...[4]', '진격의 거인 알아[27]', '항상', '왜구 망하는 중', 'fomc 때매 쫄아서 팔고튄 애들[2]', '■내년 HBM 매출 26.6조원 급증', '몰랐다는 것도 이상하고 알았는데 내버려 ...', '담아라', '동시호가에 2차전지', '1월초 17만 전자 갑니다', '요기서 이런다고 안올립니다', '차이', '하닉은  왜 오르지?', '오늘 내일이 매수찬스', '하이닉스', '구조대 부탁드립니다 형님들!!!', '음양음', '★ 인요한은 2찍들이 버리는 카드??', '파월 헛소리할시', '금욜엔 신고가 나올걸', '장난치지말고', '내일 빅이벤트 ㅋ', '한국은행독립시켜놨더니', '동시호가', '사이비종교 사이비정당 강제해산', '동시호가 그럴줄 알앗다[1]', '과연', '0.09탈출 ㅋㅋㅋㅋㅋ[1]', '이젠 한계다 11만찍으면 진짜 판다면 추천을,...', '■키움증권,상성전자 HBM4 공급 1분기 생산...', '금리인하 발표나면 물밀듯이 차오릅니다[1]', '내일이 큰일이다 ㅋㅋ[1]', '108400까지만 ㄱㄱㄱㄱㄱ[1]', '상승도 아닌데...', '국가보안사범이었던자가', '삼전 동시호가 패대기 요근래 트레드임', 'ABF 라미네이션(NCF 라미네이션)', '', '중범죄자 두마리', '플러스 굿 ㄱㄱㄱㄱㄱㄱ', '반등이아니라[1]', '삼전  반등 중', '한강버스는  죄다 극우들만 타나.', '셀바스헬스 상한가 보내주셔서 감사합니다!...', '갑자기 상승중????', '★ 2찍은 왜 윤석렬 내란을 왜 옹호함?...[2]', '선배가 먹다버린 구멍도 줏어먹는 검사판에', '연말에 안전한건 삼성전자', '보합만 ㄱㄱㄱㄱㄱ', '외인[1]', '계속 때려 맞네 !!!!', '종가 패대기', '외인들 전고점 매물털기 대작전', '버티는척하다가 동시호가에서 밑으로 던지겟...', '내일~~11층위로!!!', '★ 국힘 6선 주호영, ""윤 어게인 냄새...', 'Bnk 한화 ls 야들이 출현하면', '셀바스헬스케어 후속주!! 구조대 부탁드립...', '2035년 12월 어느날 삼성전자', '유부녀 새벽카톡', '몇일째 빨간불이야? 곧 13만 가겠네요[1]', '모아라,아그들아', '잡범 주요 지지층 ㅋ', '조희대  입건 .파기환송 에대해  최단시...', '더러운것들아', '대장 하이닉스 100만 찍어야~', '밤에 한번와!!함 하게[1]', '지지자들 수준이 막장이라 국짐당도 점점', '그니까 하이닉스 사라고 혔냐 안혔냐', '', '그래비티 코인', '대장동 수괴의 개 특검이 민주당 통일교 ...[1]', '■■ 우파 VS 좌파 업적 비교[2]', '형님들!!1 제이엘케이 구조대 부탁드립니...', '★ 윤석렬 ""그러게 잡으라고 했자나요, ...', '', '옵션만기일 앞두고 시장이 어지럽네요', '■■ 민주당 전라도 조진웅 열사 지지[1]', '그러니까 빨간불에 좀 팔라니까는', '우리라도 ㄱㄱㄱㄱㄱ', '지금 개미만 물량 다 받고 있네 ㅎㅎ 다른 애들...', '----12일 옵션 만기---', '현지누나..', '종가 패대기 ㅋ', '사기꾼들의 글이 튀어 나오기 시작한거보니[1]', '★ 윤석렬 ""그걸 핑계라고 대요?""[3]', '삼성증권 사장 박종문이 당장 해고하라', '계단식하락', '통과 어쩌구 저쩌구 하더만', '3억매수 보합만 ㄱㄱㄱㄱㄱ', '', '주포가 좀 멍청하네 금리인하발표 전에 주가를 올...[1]', '★ 곧 청와대 다시 이전', '와.. 하닉과 이렇게 차이가 난다고 ?', '1분봉차트보니 스키장코스  쌩쌩내려온다', 'SK증권 : ADR 제안, 삼성증권 : 12월 ...', '', '고점 맞네~^^', '이재멩 조카가[2]', '관세협상 따른 대규모  대미투자 지속...[1]', '반도체, AI야 그렇다치더라도', '삼전  지금 조정은 아름다운 조정이라...', '이재용 아웃!!', '◆조니 김이 대단한게 ◆', '■■ 민주당 조진웅 열사 전라도 지지[1]', '★ 지금 윤석렬 정부 였다면??', '[속보] 2차 3차 계엄 지시하면 된...', '특검 이재명 밟다!  통일교. 누가 ...[1]', '이 개잡주는 외인 기관이 쌍끌이 매도...', '개미들이 500원만 올라가도 다 팔거...[1]', '정신병걸린 집단 중범죄지역 대구 근황...[1]', '◆현실판 007 조니 김.◆', '내일 빅이벤트 ㅋ오늘은', '망한전자.', '도데체', '속보)) 조진웅은 학폭피해자, 디스패...[1]', '두번 말 안한다 10만 8천원 지켜라...', '오늘 내일', '오늘은 절대 구경만해라  ㅋ', 'Bung 신같네 진짜', '■키움, 내년 HBM 시장 판도 변화...', '오리온의 홀딩스!!', '나두 참 한심하다ᆢ', '지원팀 듣거라 ㅋ 주주로서 한마디', '으이구 이런!', '형이 지난주에 얘기했건만... ㅉㅉ....', '주가로 보면', 'FOMC 그리고 파월[1]', '11만원이 그렇게 어렵냐', '미국에 상장', '하이닉스 5프로 급등^^', '내일 매도 폭탄으로 증권사 서버 마비...', '삼전은 그냥 단타치고 빠지는 주식', '◆윤석열에대해 한국민들 걱정할거없음◆', '대구10.1사건으로인한 경북전역 폭동...', ""삼성전자, 이재용 '뉴삼성' 선봉....."", '국민연금 외화채권발행!  국민돈을 환...', '개잡주.', '삼성증권 사장 박종문이 해고하라', '★ 통일교vs신천지, 한동훈vs윤어게...', '우리 개신한이 열심히 이곳저곳에서 초...', '재용아 바쁘냐 ㅋ', '닉스가 기침하면 낙폭 시총1위 체면이...', '왜 또 빌빌거리냐', '배당2프로 내외 보다는 adr 나스닥...', '좌파들 국보법 페지 노림수[1]', '단타는 삼전이 맞아 진심 이것만큼 정...', '삼성전자의 증시 전략은 아무래도[1]', '내란동업자 조히대[3]', '네이버 게시판은 관리자가 관리 안합니...[1]', '삼성증권 사장 박종문이 당장 파면시켜...[1]', '가만히 보니 교회 다니면서[1]', '삼성전자 ADR 발행 검토하자', '깨진독이냐~', '삼성전자, 내년 HBM 출하량 올해 ...', '삼전이냐 하닉이냐', 'SK하이닉스·삼성전자·한화오션 잉여현...', '2찍(소망기쁨)아 ?대구10.1사건으...']",-0.37,Positive (53%),"이재명, ..., 통일교",False
KOSPI,015760,한국전력,49800,50800,-1.97%,99,"[{'title': '금리인하 재료소멸', 'date': '2025.12.10 19:25', 'views': '21'}, {'title': '몇일 산한증권창구로 부터 시작하는 개관매도!', 'date': '2025.12.10 19:20', 'views': '23'}, {'title': '국장 어디를 가도 편한곳 없다', 'date': '2025.12.10 19:02', 'views': '15'}, {'title': '내일부터 오른다[2]', 'date': '2025.12.10 18:54', 'views': '84'}, {'title': '이거 분석', 'date': '2025.12.10 18:44', 'views': '54'}]","['금리인하 재료소멸', '몇일 산한증권창구로 부터 시작하는 개관매도!', '국장 어디를 가도 편한곳 없다', '내일부터 오른다[2]', '이거 분석', '한전에 보유현금 올인해서', '검은목요일.[1]', '배당만', '올해는 배당기준일 바뀜?', '이 정도면 선방 아님?[2]', '매동 시사점', '한국전력 【 (익 일) 속 보 】◀[1]', '물론 주식이 여러가지[5]', '43000언까지 하락[1]', '댓글방 패턴을  잘 봐바요 .', '개관이 매도한건  의미없음 어차피[1]', '포지션이 애매해짐[2]', '아그덜아~~~', '하루종일 팔드만 겨우 이거 뺐나[1]', '금일 순매도 코스피종목보면 한국전력 다른종목...', '■더 비싸게 팔아먹는 자가 승자다', '10년 기다릴 각오로 주식해라', '한국 전력 적정 주가 분석해 보세요 배당...[1]', '51200에 12000주 넣은 나도 버티...[2]', '난 이미', '형들 멘탈잡아 그림을 크게봐[1]', '외인들이 오늘도 팔고 있습니까?[1]', '신용이 범인.', '오케이', '기관 왜이리많이파냐진짜..', '내일', '한국전력은 코스피주가랑 같이가는듯', '배당[2]', '신한 뒷구녕으로 사는중ㅋㅋㅋ[1]', '가망없다!', '내일 미장', '한전', '■지금 파는 자가 진정한 승자ㅡ죄수들의 ...', '떨거지들 끄지고', '한국  전력에  갖혀버렸습니다', '⭐️ 한국전력 ⭐️ 내 일 확 정[3]', '외국인들이 방귀 뀌니까', '한전 10년 감옥', '개미소굴 시작됐네 ㅋㅋㅋㅋㅋ', '여기가 개미들이 등산하다가[1]', '패때기치는데 ㅠ갈수있나 ㅎ기관 연기금  ᆢ외...', '누가보면  ㅋㅋㅋㅋ', '확실하게 겁먹게', '5만 깨졌다고 겁먹어서 털린 사람들은 차라리...[1]', '안티들아[1]', '급하게 오르지 않는게 좋은 것 임을 깨닫자.', '^_^', '정부정책에 대한 시장의 불안감이 반영된 듯[3]', '조정이 길어질듯...', '■8:20 한전에 물리면 약도 없다', 'ㅋㅋㅋ 죽으려면', '예전의 한전과는 다르다.', '투신권이', '3일연속 프로그램 매도', '쓸어담아라', '한전에서 6년을버텻던사람으로서한마디[7]', '저점이라고', '괜히 미안하네.[2]', '■7:14 사퇴한 인요한이 그래도 양반이다ㅡ...', '오늘도[1]', '매동 뒤에 숨어서', '푸하하하  배당금', '49500', '누가 이렇게 팔아제끼냐!', '며칠째 이러네', '한전', '연기금', '49500 꼬신다', '한전 주주들은 차카기도 하지', '한전', '개잡주[2]', '이제', '45000 까지 밀리겠다 탈출해라', '연예인이 방송에서 한전사라 할 때[1]', '한전수급 이상한거 6일정도 시간줌ㅋ[1]', '골파기에 당하는 쭝궈산 말랑카우 없제??', '왔다!!![2]', '내일까지만 버티면 10만원까지 직행~[1]', '안녕 5만 전력~[1]', '전기요금 지역별차등[1]', '디비는 갑자기 뭐지 ㅋ', '어어어하다가[1]', '앞자리 지켜라', '한국산업의 약점 중대형고성능 전기모터 발전기 전...', '개불쌍 남들 대선 랠리로 배터지게 먹을때[4]', '니가 가야', '계단식', '이딴거에 왜 들어왔지', '신용 형아들 우야노', 'AI시대 폭발적인 에너지 수요로 10~30만원 ...[1]', '한국은 석탄가스화발전소(IGCC)는 재검토필요하...', '타점이다 몰빵간다~~~폭등자리', '신한 계 새엨 이야!', '한국의 전력기자재업체들의 수출이 잘되는것은']",-1.97,Negative (100%),"한전, 한국전력, 없다",False
KOSPI,035720,카카오,59200,60799,-2.63%,247,"[{'title': '통일교  금품  엄정수사', 'date': '2025.12.10 19:41', 'views': '1'}, {'title': 'IMF 보고서 봤나요? 와 이러다 골로가는거...', 'date': '2025.12.10 19:37', 'views': '1'}, {'title': '카카오  5만까지 떨어지긋네[1]', 'date': '2025.12.10 19:29', 'views': '22'}, {'title': '시외급등 왜가지?[2]', 'date': '2025.12.10 19:01', 'views': '116'}, {'title': '카카오 목표주가 12만원~19만원 예상됩니다[5]', 'date': '2025.12.10 18:23', 'views': '66'}]","['통일교  금품  엄정수사', 'IMF 보고서 봤나요? 와 이러다 골로가는거...', '카카오  5만까지 떨어지긋네[1]', '시외급등 왜가지?[2]', '카카오 목표주가 12만원~19만원 예상됩니다[5]', '시간외  &[4]', '세상에 새로운 법안 하나 만들면서?', '개인만 매수', '내일이 분수령...! 국개들이 일하냐?? 안...[2]', '민주당 뭘 제대로 하는것이 엄네[1]', ""카톡, 결국 '원래대로'…석 달 만에 '원상..."", '저는 나갈 준비하겠습니다[2]', '원상복구', '개미 정말..', '카카오를 믿누?[1]', '개미들 학습능력이 없긴하네', '오늘 짜증 나지만', '앞으론 전라도 주식[2]', '올해 카카오 때문에 주식농사', '캬대단한놈들일세', '얼마나 안좋은 악재가있길래', '반복된 패턴~[1]', '롤백아직도 못했다고?', '카카오 【 (익 일) 속 보 】◀', '여기 주주 천원씩만 모아도...', '카오는[1]', '찔끔찔끔 일주일 오른거', '꽉찬 음봉[1]', '오늘 개꼬시다.', '신한 공매 다', '십카오 주가 보면', '', '결국은 깨짐', '사발 다깨지고', '아 이거뜨아아아', '장마감 호재떳네[1]', '아오...ㅜㅜ', '홍민택 ..이 거짓같은 놈아..카톡이나 원래대...', '매매 동향[1]', '재수없으면 담주 월요일까지 떨어지겠네', '적정주가 4만 중후반', '참 역대급 개잡주..', '손절시점이 다가 오네...ㅠㅠㅠ', '신한투자증권 제발 한국에서 나가라', '카카오 단타로 누적수익 38프로 개꿀[1]', '걔', '대차상환', '급락이네', '조카오', '오늘종가도', '불확실한 경영 리더십', '스테이블 코인 관련해선', '', '이거 망함??', '똥물을 뒤집어 쓴 기분', '롤백하는데 왜 내려[1]', '기관 외인 팔때 개미도 같이 팔아요', '범슈야', '아 찐짜 주가 관리좀 하소', '박스권 가둬놓고 패네', '김범수[1]', '암담하겠지만 내일은[1]', '주주들 염장 지르기 패턴 죽이네', '삼전보다', '개카오', '공매 ㅈㄴㄱ 누르는거 보니', '슬슬 신용으로', '이렇게 훅 내려놓고', '이젠 내려도 무감각 한건지...', '낼 아침 9시 50분까지 매도', '정말', '산타랠리는 개뿔~~', '8만에서 평단 7만대로 내려놨는데', '이틀연속 드럼통 만드네[1]', '유튜버 거지같은 것들[4]', '주주면서 롤백하라고 아우성한 사람[2]', 'whdrk  60600~~~~~~~~~~~~', '주가관리 전혀 안하나...', '', '반년동안 개미 무덤 잘 만들어놨네', '신한증권', '58000원', '에고', '배당60원주는데', '지긋지긋하다[2]', '5년전 16만원 주주입니다. 도대체 언제 ....[6]', '통일교  금품수수   엄정조사', '주가..ㅎㅎ', '60900~~~~~', '@@내일얼마나 크게갈려고 조정이 심하냐 @@[1]', '11일 기대[1]', '법원은[1]', '국개 들 지들이 놀면서 법안도 안만들고??', '지금89퍼 수익중인데 왜 징징대는거야?ㅋㅋㅋ...[9]', '솔직히 스테이블코인 민주당이 단독으로 진행하...', '다른종목에서 35프로 먹고 카카오로 오늘[2]', '종예~~~60900~~~~~가능해~~~~~~...', '개카오[1]', '차트가........................[1]', '운영못하겠으면 매각가자!![2]', '하이닉스70만vs개카오7만[2]', '잡주네', '평단왔을때 매도칠걸..', '스테이블코인 관련, 가상자산 관련주들 폭등하는...[3]', '개카오 소금에 절여서 먹어요~[1]', '네이버 카카오만 이러는거보면, 대표가 여자인게 ...[2]', '우린 내년 상반기까지 기다리는데..[1]', '2천원 배당해야한다는 바보는 봐라[1]', '2천원 배당도 못하면 매각하자!![2]', '형들 딱 80층인데 물타면 호갱?기다리면[7]', '오늘 스테이블 관련주들 다 올라가는데[2]', '@챗 GPT 표 본 조 사 ^.^', '이놈에 카카오는 산타랠리고 뭐고  없다', '카카오 배당 2천원으로 해라...[3]', 'lg씨앤에스는 배당이 쎄네...[2]', '네,카오 공매도 발악을 하네요!![1]', '배당60원', '오후에 카카오 588 ㅋㅋ청량리 588', '반등 한번 없는 잡주 보단 못한 개잡주', 'lg씨앤에스와 다날은 왜 움직이냐[1]', '스트레스코인  약빨도  떨어지고', '오른것도 없는게 혼자서 나락갔네', '십 또 욕나올뻔 했네 김범수 깜빵 보냈어야 됬...', '58500원 1차 진입한다[1]', '물타야할까요...[4]', '내년하빈기나 기달려[2]', '다날 급등중~~[1]', '계집을 앉혀놔서', '동네북인 카카오 주주인 이유 ?[1]', '아... 신한투자증권 얘네들[1]', '유튜브 애들', '울행님들  5,6월에 매집 마이햇는데...', '근데 회사에 문제라도 있나요', '에코 삼형제는  오르기만 하고', '빨리 카톡이라도 복구해서[1]', '앞으로 좋다고 해도 지금 이러니', '대차 300만주가 줄어드는동안', '야야 개미들아 갈것같지', '오늘도 꽉찬음봉', '너희가 롤백으로 성장 막아놓고', '카카오 그룹 차원의 조정이...', '신한, 한국증권, 외넘들', '실적이고 재료고 다 무시', '상패해라.', '주주가 롤백으로 성장 막았으니', '', '', '[단독] 카카오, 15일 친구탭 업데이트…친구목록...[2]', '이죄명은 우리나라 기관들이나 조사해봐라 ㅋ[1]', '경우1400 원', '보유종목 관심종목 어제 오늘 하락 1위', '지난주 꾸역꾸역 올려놨더니, 이틀에 다시 원점으로...', '카톡 예전으로 돌린다드만 홍민택, 정신아 같은 무...', '10일 정부안 제출 요구 ?[1]', '오늘좀가58.000원 예상해본다[1]', '카톡이나 다시 예전으로 바꿔놔라', '오랜만에 봤는데 항상이모양이냐[2]', '이번하락엔 6/5일 갭메꾸러갈듯합니다', '주가조작은.. 김건희만 잡을 게 아니라..[1]', '속았다는 그런 느낌', '올릴때는 100원 내릴때는 1000원', '58900원 1차 매수다 체결시켜라 ㅋㅋ...', '5만원대 매수', '외인 탈출 주중에 퍼레이드하냐?', '매수기회가 또 오는구나 ㅋㅋㅋㅋㅋ', '지금부터는   파는것보다', '이~~야', '더러운 종목', '역시 국장의 주적 신한거지증권[1]', '이재명   대통령주문[1]', '@ 챗 GPT   표 . 본.  조. 사...', '오늘도 죽 쑤내~', '2026 한국 증시 전망 : 달리는 증시...', '이 종목은...공매도 내란수괴당이 주포냐...[1]', '@아주나쁜증권사 ; 신한증권 ㅠㅠㅠ', '신한.외국.프로그램 매도다', '에라이 ~~', '신용매수준비[2]', '아.. 이건 추세이탈인데 안좋은데[1]', 'ㅇㅂ을 한다', '국민 개악주', '신한이', '다른 스테이블코인 가상자산 관련주는 급등[2]', '여자 사장 뽑으니 이리되지[2]', '지진이', '', '', '으아앙 살려줘', '상장폐지[1]', '카카오 건물 무너졌녀?? ㅋㅋ', '카카오 왜이래 쳐물렸어[1]', '', '주주라는 사람들이 롤백을 찬성하는데', '카카오 드디어 망해가는구나 반짝했지', '여윽시', '징징이들', '같은시기에 2차전지와 카카오 투자', '며칠간 매매 지표 보니까', '네이버 카카오 공통점[2]', '매각해라', '쫄리면 팔묜 되지', '죄명아[1]', '버려', '진짜 이제 총알도 없다[2]', '', '신한 거지증권 징하다', '곡소리 쪼매 시작된듯 허이', '수익내서팔고 공매도 쳐서 수익내고', '진짜 개잡준가…', '', '신한[1]', '""와이리좋노""""에헤라디야[1]', '진짜 글 안적을라 했는데 욕나오네', '카카오  기업 이미지가..  똥칠되는 분위기다...', '야야 개미들아 갈것같지', '정체가 뭐냐', '', '연말 보너스는....없는 거로 해라 ~[1]', '올라갈거라 믿으셨어유?', '김범수 정신아..도랐니', '이거이', '신한 때문에', '경영진 즉각 교체', '센한겁나 털어버림', '이재명대통령께서 제일 싫어하는 게.. 공...', '아', '코스피가 4100넘는다는게 더짜증', '정신아 홍보해놓고 이게 뭐냐..', '', '야야 개미들아 갈것같지', '경영진이 버린 주식', '절망이다..', '신한. 어제온종일이어 오늘도 폭탄', '김범수', '불쾌해!', '진짜 심하네 ㅡㅡ', '끄끝내 3만대', '아고~꼬시라', '2억 넣고', '최악의 잡주다[1]', '주식 25년차지만', '김현지가 누군가여?[2]', '찬티들아 찬양하라', '유영두회장 나와라', '얘 진짜 욕나온다', '신한증권', '아 쉬이파꺼 족.같네']",-2.63,Mixed,"카카오, 진짜, 오늘",False
KOSPI,010140,삼성중공업,26250,27050,-2.96%,112,"[{'title': '오늘도 매동 살벌하네', 'date': '2025.12.10 19:49', 'views': '1'}, {'title': '애들아', 'date': '2025.12.10 19:32', 'views': '1'}, {'title': '삼성중공업 올해 수주는 끝났다!디비자라[1]', 'date': '2025.12.10 19:05', 'views': '61'}, {'title': 'FLNG는 중국기업이 싹쓰리 합니다!중국기술쵝오[4]', 'date': '2025.12.10 18:43', 'views': '1'}, {'title': '꼬드키는 불구덩이에', 'date': '2025.12.10 18:36', 'views': '27'}]","['오늘도 매동 살벌하네', '애들아', '삼성중공업 올해 수주는 끝났다!디비자라[1]', 'FLNG는 중국기업이 싹쓰리 합니다!중국기술쵝오[4]', '꼬드키는 불구덩이에', '오른만큼 올랐다[1]', 'KIND 최종 투자 결정(연기금 투자 이유)[2]', '개미탕은 지속 하락', '오늘 금리인하 기정사실화', '삼성중공업 ,  낼 하락  가속도  붙겠네  ~[1]', '연기금 왜 사죠 ?[1]', 'KIND, 7조원 규모 미국 FLNG 사업 첫 ...[1]', '■■SBS 단독 보도에 따르면 통일교 옛2인자인...[1]', '오늘 개인들 엄청털렸네 그래서 장투가 필요하다[3]', '꼴등주', '내일5%오른다 한표', '679원/1주 =EPS,  삼성중공업의 실체[2]', '오늘 실시간수급 보니 외인 기관이 매수했다[1]', '꼴등주 조선ETF 민폐주', '2025년 12월 11일 삼중 주가 예상[2]', '또 다시 개잡주 등극이네', '실적발표까지[1]', '공시 나와라 얍!!![1]', '공매도 아주그냥 예술이네~~ ㅋㅋㅋㅋ', '제발', '공매', '오르는 건 없고', '마스가는 어찌된거냐?[1]', '27100원에 팔길잘함^^', '오늘이매수기회야[1]', '계단식 하락 오케이?', '외국인들 주식비중이', '쓱울놈의 외쿡놈들....[1]', '미국 최대조선소    나스코가     삼성중공...[1]', '노타 단기수익실현 전부다 매도해서', '오늘 개미들이 지켜주네ㅋㅋ', '꼴값~~~~', '삼중[1]', '', '이럴거면 어제 4프로 왜오른거냐?[4]', '왜 시원하게 안 빼냐?[2]', '클로봇. 축하드려요[1]', '천하의사기꾼 JP모간33만/신한30만/골...[1]', '크리스마스 선물', '어제 먹은것 몽땅', '올해 계약못한다고 공시하던가[1]', '조선주[1]', '장투하겠냐[1]', '참 지저분한 주식이네', '외인구단 융단폭격', '삼성 중공업[3]', '어제 기관 매수 성격을 알아야함....[2]', '일봉5,20선 위[1]', '평생을 이짓거리하다 말아먹어라', '포지션은 위험한데', '예상 마감', '이종목은', '무겁다더니 처박는것도', '신한23만/JP모간25만/메릴린치14만 ...', '삼중본색[1]', '쉬어갈때마다 사두기', '이거 맨날 같은 패턴이잖아 ,', '뉴스내고 다팔아먹네', '신한 놈들이 재뿌리네', '매도23만 신한악마늄은 매국노개짓죄로 국회에...[1]', '신한 공매도', '갈줄알았지?', '오늘은 -3% 마감 하겠네요[2]', '이주식은 그냥 겨드랑이 암내같은 존재다', '더담을까... 말까..', '전에도 수주 뉴스로 올렸다가 박살내더니.', '하루오른거 하루내리고 반복할거면…', '12월11일은 옵션만기 - 외인악마늄들 누적...', '어제 긍정 뉴스에  오늘 하락', '금요일이면', '사도 비싸게 안사겠다', '개잡주', '개잡주', '외인들 다 냅다 팔아버리네', 'ㅉ 24000에 추매나하지 26000이상에서...', 'SK증권은 FLNG 수주 공시하면[2]', '결국 올해도 목표미달로 마감하나?', '내일은', '다음주 더 서늘한 장세[2]', '매일 천주', '너무하네', '오죽하겠나', '내가사면 떨어지냐', '【 삼성중공업 ◀ 오 후 속 보 📊 】[2]', '또 떨어진다~~', '오후에 하한가 가자   ~~~[1]', '또 떨어질줄 알았어', '하루살이냐', '신한', '오늘은 기타법인이 하락을 이끄는 듯', '비엔피12만/신한10만/한국7만 3마리악마 강도...', '외인들…맛집 소문난 집삼중', '날아가보자~~~', '왜이러나', '내가어제말햇잖아', '개미살려 !!', '누가 보면 어제 10% 올라간 줄 알겄어', '왜 이래?', '주식', '기회', '26000부근까지 다시 조정ㄱㄱ', '천하의사기꾼 신한7만/메릴린치6만 2마리악마...', '애이러는지 아는사람[2]', '전약후강,', '★ 삼성중공업: 12배 폭등: 이젠 장기간,...[2]', '천하의사기꾼 신한악마 강도늄 매도5.1만주[1]', '오늘 예상']",-2.96,Negative (66%),"오늘, 어제, 하락",False
KOSPI,013360,일성건설,2245,2324,-3.44%,22,"[{'title': '164억짜리 베트남  도급계약', 'date': '2025.12.10 19:49', 'views': '1'}, {'title': '또 천원대. 가긋네', 'date': '2025.12.10 19:32', 'views': '1'}, {'title': '호재에 오히려 떨어지냐[1]', 'date': '2025.12.10 17:46', 'views': '19'}, {'title': '내일  상 ㅡㅡ', 'date': '2025.12.10 17:22', 'views': '53'}, {'title': '세력탈출[4]', 'date': '2025.12.10 14:40', 'views': '222'}]","['164억짜리 베트남  도급계약', '또 천원대. 가긋네', '호재에 오히려 떨어지냐[1]', '내일  상 ㅡㅡ', '세력탈출[4]', '폭락 10분전~~', '허[1]', '칙칙폭폭[1]', '오늘 상', '이야~~~[1]', '2250에도', '개미털이 하방 조작 중', '단주거래없으니', '오늘', '뭐여 이거', '테마주는 적당히 줄먹하고 빠져라', '김일성건설', '50000개 박아놓으니', '금일장 예상', '수명이  궁금해 !', '대장주 폭락이닷~~~', '상지건설 갑니다[1]']",-3.44,Negative (66%),"오늘, 164억짜리, 베트남",False
KOSPI,012610,경인양행,3665,3855,-4.93%,82,"[{'title': '경인양행 주가분석 리포트(25.12.09.) :...[1]', 'date': '2025.12.10 18:08', 'views': '72'}, {'title': '다 팔고 갑니다[1]', 'date': '2025.12.10 16:55', 'views': '98'}, {'title': '( 변, 동 관 련 )', 'date': '2025.12.10 16:28', 'views': '72'}, {'title': '어차피', 'date': '2025.12.10 16:16', 'views': '41'}, {'title': '여기가 한의원이냐? 침 맞았네', 'date': '2025.12.10 15:31', 'views': '32'}]","['경인양행 주가분석 리포트(25.12.09.) :...[1]', '다 팔고 갑니다[1]', '( 변, 동 관 련 )', '어차피', '여기가 한의원이냐? 침 맞았네', '근데 야가[1]', '시외상치면[1]', '잡주에 잡세력', '더 싸게  사고 싶은 놈들 천지네', '또[1]', '5% 이상 하락했어요 😞', '떨어져도 좋고 오르면 더 좋고', '뽀드득', '1시 고점에 물린 흑우들  본전 탈출 불가능 할...', 'Yoon말듣고 탄애들 곡소리 나겟너ㅋㅋ', '다카이치 활로가', '기분에 양전할것 같다', '폭락위험', '지입금지', '4085원 매도했네요[1]', '믿지마세요.', '상승신호떳네요[2]', '2차', '내려오면 또 들어가야지 뭐ㅋㅋㅋ', '설겆이 하고 튀었네', '발광을해야[1]', 'ㅋㅋ시총 천억이면 밥수준인데[1]', '진짜 사가지 없게 한다', '2시☆☆☆[2]', '오우야', 'ㅋㅋ뭔 상관인데 이난리고', '그런데', '경인은', '이따', '담으세요', '기관기법', '설겆이 파동[1]', '포토레지스트값 고공행진[1]', '손절 했더니', '기관 기법', '돔', '차트가', '일본에 한방울도 안판다는데 지리노 ㅋㅋㅋㅋㅋ', '5% 이상 상승했어요 🎉', '흐름 좋은데요', '마지막 설겆이였군요....', '조심하세요', 'Vi준비하세요', '눈치싸움중이였네 한명이 시장가 긁으니 다 따라사네...', '제가', '신입 입니다.', '한국아이엠씨증권 다 팔고', '1시입니다[1]', '쫄지마세요ㅎㅎ/지금가격안오니 잡기나하세요~^^[1]', '딱봐도 차트가좋은데[1]', '오늘반도체', 'ㅋㅋ 못판사람 수두룩', '잘준비하세요', '꺼억@@ 잘묵고 갑니다 17%', '망했우', '개미털기였어요ㅎ/하락이면벌써 10%이상내려갔습니...', '오후장은', '감사~', '엄청빠진다니께.', '어차피 오전장은 어제물량소화[2]', '단주하다', '무조건상승하니', '어제도 11시12시사이로폭등했어요[1]', '작업장', '매수신호/상승신호떳어요[1]', '독도는', '젱일 단주거래ㅋ', '차트도환상그래프/호재속출/이번주6000원대는가겠...', '끝.', '끝난종목 빨리튀어.', '금강원 신고ㄱㄱㄱ[1]', '대피하라..!', '갈등심화~', '잡주가 오늘같은날 올려야지', '대박났닼ㅋㅋㅋㅋㅋㅋㅋㅋㅋㅋㅋㅋㅋㅋㅋㅋㅋㅋㅋㅋㅋㅋ...', '키움 신용 막앗네', '잃을땐13%  딸땐 1%']",-4.93,Mixed,"팔고, 어차피, 5%",False
KOSPI,092200,디아이씨,10900,11660,-6.52%,203,"[{'title': '나는[1]', 'date': '2025.12.10 19:42', 'views': '1'}, {'title': '반등각[1]', 'date': '2025.12.10 19:07', 'views': '99'}, {'title': '이유있는 흐름파악을...', 'date': '2025.12.10 18:32', 'views': '19'}, {'title': '농업의 혁신~자율주행 운반로봇 ""테리안""[4]', 'date': '2025.12.10 18:31', 'views': '20'}, {'title': 'Sjg9701,,이분 회사에 보낸글 팩트 인증...', 'date': '2025.12.10 18:23', 'views': '137'}]","['나는[1]', '반등각[1]', '이유있는 흐름파악을...', '농업의 혁신~자율주행 운반로봇 ""테리안""[4]', 'Sjg9701,,이분 회사에 보낸글 팩트 인증...', '호재 하나 나올 시긴데...[1]', '◆   다음주 월요일 경 주가쩜상이  있을듯[8]', '조정 없이 가는 넘 있냐', '내일은 네마녀의날[5]', '으이그 답답아', '◆ 디아이씨  올해  12월중  2만원을 돌파...', '개미들', '10일선 터치??', '2찍들[1]', '◆ 자율주행로봇 개발연간매출 3조5천억원 기대...', '◆ 테슬라의  휴머노이드 감속기의 공급확신[1]', '많다[2]', '이야~ 개미탕 ㅋㅋ 내일 만원 깨진다 백퍼', '유증도 아니고, 자사주 처분..', '자사주 매도 20억[1]', '자사주소각 상법 통과하기 전에 자사주[3]', '내일 10200원 10일선 깨냐,[2]', '물림 ㅠㅠ', '로벗[1]', '이틀전 50프로수익 전부익절하고 오늘 종가로...[1]', 'ㆍ[2]', '연기금 도망치는거 봤제?[4]', '회사가 자사주16억 아끼려다[5]', '로봇[2]', '조정 완료 ............... 내일...[1]', '내일 종가 8550[4]', '댄줘러스[1]', '', '살짝 올려서 희망회로 개미 フй병g신 좀달래...[1]', '무섭다', '디아이씨 4행시', '주린이들한테 음봉매수 기본 알려준다[4]', '저나~', '개미살충제 뿌려야해 9000원까지 더 빼줘', '신용 ~', 'DIC', '개미만 사는군', '중간에 10만주매도 지렸다잉~', '형이 어제 10500원 예언했다[3]', '최고점 대비 정확히[1]', '조선의 주모', '반 남은거 100주만 남기고 패데기.  . .점심시...[1]', '고가권에서 갭하락은 고점징후임', '생각해보세요', '키움 10억 미수투매 나왔네[1]', '내부자 매도시 세력도 즉시 이탈[1]', '형말대로 오늘도 8퍼떨어졌고 내일아마', '조정 저점가격 알려줄게[2]', '옵티머스 납품[2]', '안티가 아니라', '열나게 빼봐라. 누가 죽어 나는고 보자.', '만원밑으로빠질듯', '10년짜리 고점에서 회사가 매도', '이러다 뉴스하나 나오면 웃기겠다 ㅋ', '올리는척', '오늘은...', '10770원', '만원 밑으로', '신용 쓴자들', '미스코리아 주식입니다', '로봇도 끝물느낌', '갈거는 아는데 주포가 2일만에 20퍼를 꽂아버리네...', '아ᆢ 완전 당했다ᆢ[1]', '얼탱이 없는 주식이네', '로봇 타이어 빵구 낫냐?', '개미 털거면 하한가 ㄱㄱ', '개미フй병g신 んй刀│만 있는데 왜올려 미쳤다고ㅋ...', '회사가 양아치[1]', '회사가 주주 알기를 너무 가볍게 보네[1]', '내년[1]', '현재 상황', '7천 5백원에서', '아직 어림 없슴', '주식 하루 이틀하는거 아니잖아...', '팁 하나드림.', '약속의 2시', '달랑 이틀만에 몇퍼가 빠지는거냐', '자사주 매각관련[1]', '흐름이안좋네요 일단매도', '', '자사주 매각대금 용도는 머냐[4]', '오늘 10600까지 뺀다고 했다 ㅋㅋ', '디아이씨  주가하락을 걱정하지 말아라[2]', '8500-9000', '이 좋은 시국에', '잡 단타야', '개미들! ㅎㅎ10,000을 깨려고 던지는데도...[2]', '상법개정 자사주 의무소각', '엥 뭐야 이거 ㅋㅋㅋㅋㅋ', '투주, 투경엔[2]', '골로 가는구나~~~~[1]', '잡 단타[1]', '세력들은', '꼼수나 부리고  대표가[1]', '다시 뜨겁게..', '자사주  소각  될까봐[1]', '져진겨', '끝도없이 떨어지네[2]', '일단 오늘도 하방vi갈거고 낼도 7~10빠짐', '아 이래서 손절이 중요하네!', '돈 워리 해라', '10일선까지 밀 모양', '클로봇', '지금 시기에 종목 고르기', 'fed 금리 인하', '와', '공포심리[3]', '한강 물 춥나요?', '겁나 빼봐야  9000원이 마지노선이네', 'ㅜㅜ', '자사주 소각 상법개정 예정[1]', '세력 흉아 왈', '11,000위에서 물린 사람들 참고하셈[1]', '고점에들어온개미들', '엑추에이터 ㆍ감속기', '잡단타', '고점 13,740원에서', '완전  맛이 가버렸네ᆢ', '개잡주 반 매도. . .최소 내년 6월까지 ...', '11000원 깨졌네..', '최고점에서. 다털고', '윗구간 물린 아우들', '디 아이 씨', '단타 집개미', '너무 편안한 주식이네요.', '주린이들 줍줍 입성 글 싹사라지면 사라', '허허 겁나떨구는군', '개미많이 털리네', '갭', '세력도 없는 바보 종목을 왜 해요 ㅋㅋㅋ', '작정하고 팔기만 하네', '이제 고점대비 -19%다...', '개미들이 안나가니 계속 패대기를 치네', '세력님들! 단타치고 싶지만  개미들 호응이 ...[1]', '5% 이상 하락했어요 😞', '문상 왔어요[1]', '등심들아[1]', '어제 오늘 너무 심하네', '우림에 다시 뒤지기 시작?', '풉', '오늘도 매수', '오늘은 끝까지 흘러내리는 챠트네', '주린이들 얼마에 입성 이런글 뜨는한 못오른다', '겁나 무섭네..[1]', '편안하네요.', '로봇주', '차트 다무너졌네!', '임원 매도때문에 떨어지는거라 생각하는거야?', '자기주식처분 다 했나요?', '개미들', '개미만 산 종목에서 쑈를 해대네 ㅋㅋ', '오늘', '10일선 10600선에서', '선수 잘허네[2]', '그렇게까지 하락한게 아니구만', '기술은 좋은데 너무 고점이네', '디아이씨도...', '회사 공식고점 11170원[1]', '3시에 또 추매하러 옴', '와 그리 흔드냐?', '빼는 김에 하한가는 어떠한지?', '로봇주', '오늘까지 있을 FOMC 회의 내용에 따라', '미,중 로봇 경쟁', '잡 단타 천국', '차트 무너지네!', '외인들 10억으로 왔다리 갔다리~', '역시 ㅋㅋ', '또 개미매수ㅋㅋㅋㅋㅋㅋㅋㅋㅋㅋ', '로봇 회의 참석', '아따', '진리[1]', '하락이 시원치않네', '개미덜', '매도 해서 평단좀 낮춰봐라 더줍어먹자', '우와.... 이젠 막 떨어지는구나!', '현재..', '낼까지 매수금지 하라 했다..', '13100에 매도', '오 어제 털었는데 ㅡㅡ', '개잡주.  . .로봇탑인줄 알았더니 꽁등이네....', '고점에서 들어온 불나방 흑우 개미들', '외국검은머리 개미한테', '이것을 깨달았다', '10일선 부근서 에게뤼해도 될까?', '11,500에 매수한 자는 올라가길 기대하겠고', '142,694 자사주 매도', '오늘은', '모건스탠리, 로봇 시장을 주도할 핵심 기술 주...[1]', '단군이 말쌈하시기를', '주포들? 얼마까지 내려 개미털기 하려는지?', '다른 주식 단타쳐서 20프로 먹고 왔다', '추매', 'Bs 아', '싸다', '며칠더[1]', '아이로보틱스가서 14퍼먹고왔다', '오늘도 개폭락인가요?[3]']",-6.52,Negative (70%),"자사주, 매도, 개미들",False
KOSPI,001360,삼성제약,1755,1977,-11.23%,157,"[{'title': '리딩 게온아재다!!  금일 총평한다', 'date': '2025.12.10 19:35', 'views': '14'}, {'title': '222원하락에 초상집?', 'date': '2025.12.10 19:27', 'views': '17'}, {'title': '오늘 털었으니 내일은 가겠네…', 'date': '2025.12.10 19:26', 'views': '7'}, {'title': '상투.세력이탈..', 'date': '2025.12.10 19:13', 'views': '12'}, {'title': '줄초상이군', 'date': '2025.12.10 19:09', 'views': '15'}]","['리딩 게온아재다!!  금일 총평한다', '222원하락에 초상집?', '오늘 털었으니 내일은 가겠네…', '상투.세력이탈..', '줄초상이군', 'ㅋ.이젠 젬백스와 함께 움직일듯', '지금이 바닥인데 고점이라고 떨고자빠지노.', '■예상적중■단기매매 교본■[1]', '개미들의 단점', '4년 넘게 물렸다가 반년전에 손절한 사람인데요[1]', '진짜', '판사람은조용히가세요', '삼성제약 5년 주기설', '시간외 29원오른1784원', '알츠하이머 체장암', '가짜 삼성[1]', '게온이고 나발이고', '현대', '내일은 내일의 태양이 떠오른다[1]', '제가 잘못했습니다.[2]', '오늘의 반납은 당연한 수순이다.[2]', '프랑 아재다[3]', '동양에서[1]', '잡주', '개미들 아주 탈탈 털렸네[1]', '어어 하다가 3000원 5000원 6000원....[1]', '세력이탈.위험..', '거래원을 보니 수급이 아주 좋다', '하 참다참다 손절쳤는데 설마 시외 상치진않겠지...', '12년 적자에 없는살림에 대주주한테 돈까지 뜯...', '★ 조문왔다', '개잡주 입니다.', '어제의 상승분을 그대로 반납했다[1]', '내일이 가장 중요한 날이다!![1]', '어휴..', '외인들 최근6%대에서  2%대까지투매중', '내일은 4마녀의날[1]', '축배를', '', '게온아재님 얼마까지 떨어지는거 봄??[1]', '개욕나오네', '외국인 매집 중 ...', '멀리 가려면 갭은 메우고 가는게 맞다[3]', '한양대에서 GV1001 시작했으니', '한번만 반등좀 주세요 ㅠㅠ', '', '야수의심장으로', '호가창에서 이 아재는 다 보인다[1]', '형왔다. 드디어 입성!', '종가 보합선 마감후[1]', '어차피 GV1001 한양대병원에서', '바닥에서 대상승 초입에는 흔들어야 되는겨', '지금쯤이면', '최악에는 어제 상승분은 그대로 반납', '그제 사서 어제 맛있게 먹었는데', '양키  걸베이들', '', ""바이젠 봐라 ' '"", '★ 여기 상폐??', '계속', '개인 패닉 셀[1]', '으', '1400원에서 입벌리고 있는다', '오우 5일선 오나요??', '살려주이소 반등한번만주오소  ㅠ[1]', '', '잡주는 잡주일뿐...절대 못가네요..[1]', '아 확실히', '안티들 많노 ㅋㅋ[1]', '그만내려가라!', '10% 이상 하락했어요 😞', '설것이 하는구나', '하방VI!', '종가[1]', '개미털기', '챠트가기본인데 ㅡ', '갭은 메우고 가야된다!![2]', '거봐 외인 던지는데 이유가 있다니깐', '차라리 대북주가 낫것다', '하라보디 따라오니라 ㅋㅋㅋㅋ', '에효 되는일없군  고속터미널에서 번돈', '착하게 살아', '종가 1500원대 갑니다', '원래', '에혀', '금일 하단1800  상단1900[2]', '축배를', '오전장 흐름이 오늘 보합까지는', '쓰레기는 재활용이 아닙니다[1]', '바닥에서 시작할때는 주린이들은 못 버틴다.', '5년주기설 적중했다', 'ㅋㅋㅋㅋ 방금 누가[1]', '한양대학교 병원에서 GV1001', '12월안[2]', '오후', '금일 1800원까지는 찍고 갈듯했는데[1]', '파동이 너무나 똑같다!! 5년 주기설', '전일 거래량 넘 터진다했는데, 잘 팔았네요', '1818', '오후', '게온아재는 이정도 흔들림에 대한 관심이 없다', '오늘도 힘내요!', '새로 물린 걔미들 좋아요 눌러봐라[1]', '상폐는 아닌거 같고', '리딩 프랑 아재다', '축배를!', '어제 5만6천주 정리했어요[1]', '다시한번 얘기 드립니다...', '개 잡주라니까[1]', '리딩 게온아재다!! 한양대병원에서 시작했으니...', '국가에서', '노인들.쉼표.그만좀.써라.공부.해라.[2]', '더 떨어지면 신나게 물타야지', '형님들 얼마 목표인가요?[1]', '지금 장대 캔들인데[1]', '찬티들 이번주 내내 한숨 푹푹 쉬겠노 ㅋㅋㅋ', '다팔었다[2]', '어제 28프로 갔을 때 매도한 사람 있냐[4]', '★ 익숙한 차트[2]', '축배를 들어라ㅋㅋㅋㅋ', '오늘 반등?[2]', 'ㅋㅋㅋㅋㅋ 삼성죄악', '삼만주 가지고 있던거[6]', '이 삼성이 그 삼성이 아니라니까!!![1]', '60분봉 초강력 매도신호인데[1]', 'ㄱ나ㅅ나 삼성이지', '진입 금지', '매수금지, 반등없다', '치매약', '거의. 도망친듯[2]', '주가봐라.', '안티가왜이리많지[2]', '아직도', '', '우린 끝까지 간다[2]', 'GV1001 한양대학교[1]', '질문있습니다', '치매신약', '역시', '오늘[1]', '주포가 아니고', '오백원 가자 ㅋㅋㅋㅋ[1]', '축배를 들어라!', '이제 10분 지났다!! 부화뇌동 말고', '거래량[2]', '내말이 맞쥬?[1]', '젬벡스 똘마니~~~', '끝물 빨아먹고 이제 상폐 수순', 'ㅋㅋㅋㅋㅋㅋㅋ22는 신의한수', '아재는 어제도 분명히 얘기했다[1]', 'zzzzzzzzzzzzzzzzzzzz...[1]', 'ㅋㅋㅋㅋㅋㅋㅋㅋㅋㅋㅋ매도한다 시밯', '게온 아재요 5년주기설', '5% 이상 하락했어요 😞', '역시나 쑤우렉 주식', '기다림', '장 시작부터 떡락 대기 모양새고 ㅋㅋ...[1]']",-11.23,Negative (70%),"축배를, GV1001, 어제",False
KOSPI,004310,현대약품,6110,6959,-12.21%,200,"[{'title': '속보/ 조선일보 특종기사 떳네 ㅎ', 'date': '2025.12.10 19:45', 'views': '1'}, {'title': '탈모 보험 적용', 'date': '2025.12.10 19:37', 'views': '1'}, {'title': '알밤들 무지하게 들이대네', 'date': '2025.12.10 19:18', 'views': '1'}, {'title': '★  모르면  겁이  없어 ...★', 'date': '2025.12.10 18:54', 'views': '1'}, {'title': '이재명 대통령님 탈모보험 공시[3]', 'date': '2025.12.10 18:51', 'views': '171'}]","['속보/ 조선일보 특종기사 떳네 ㅎ', '탈모 보험 적용', '알밤들 무지하게 들이대네', '★  모르면  겁이  없어 ...★', '이재명 대통령님 탈모보험 공시[3]', '내일 대형 호재로 상한가 예상됩니다[5]', '본장 갬들꼬셔요리할려 했는데[2]', '-3,855만원[1]', '내일 올라가면 웃기지도 않는 상황이....ㅋㅋ...', '추미애', '대형 호재 뉴스 있는 거 같은데..[7]', '응원한다 진짜[1]', '이번탐은쉬고', '오늘 6400원이 내일 고점이다.[1]', '제발[1]', '걍매수 ㅋ못참어[3]', '이럴거면 본장에서 왜 빼는데...[2]', '내일장은 무조건 상한가임', '시외 팔고 튀면 수익인데 어떡하지?[1]', '시외 상가는 분위긴데...', '넘 아쉽네요', '한번처박는다[3]', '내일도[3]', '머리발이 얼마나 중한디~[1]', '쥐포××[1]', '시간외 상한가', '5000원 갭메우기 ᆢ하락추세5000원갭', '시간외. 쎄네[3]', '내일 본전만 줘 제발 물론 힘들겠지만 ㅠㅠ', '게임체인저 급 평가인데 ㅋㅋ', '깔끔한 조정 그리고 상승의 시작', '종가 전재상 몰빵 했다~ 이번주 상승 본디![1]', '머리가..', '내일 시초부터[1]', '주가 스트레스로 탈모 만들어서', 'ㅜㅜ', '이거 그래도 상한가 3번가까이 간거 보니까', ""탈모약 개발이 아닌 '국내 유통판권' 입니다[5]"", '내 머랬냐..', '※※ 오늘 겁나서 주식 파신분들은 절대 주식 ...[1]', '이게 그', '지수 빠지면 대머리약 급등한다[1]', '엉아가 어제 그렸자녀[1]', '모발모발!ㅎㅎㅎㅎㅎㅎㅎㅎㅎㅎㅎ', '***상한가...', '자라나라 머리머리!!!!', '오른다', '좀 아까 ?꼬시기 들어갔다가[1]', '내일 5짜깨면 사라 내일 추가하락[1]', '개미가ㅡㅡ짜라시ㅡ흥분했어요', '탈모 효과 입증. 3방은 더가야지', '여러분 서로 사랑해야합니다', '이정도', '바이젠셀 8000원에 내렸는데...[2]', '양봉 가능성 있냐?[2]', '담가보고싶은데.손이안간다.국장이라서..', '조정완료', '60 무너지는거 기다리는중', '눈치챙겨라[1]', '보합으로 끝나겠네', '개폭락 하네', '따라 붙지 마세요...꼬시는 상승입니다.[1]', '이런 대머리잡주', '물량 조절 좀 하자~~폭포수 좀!!!ㅋ', '신한이 공매도 열심히 치는중', '거래량은 적은데 장대음봉은 무슨 뜻이에요??[1]', '하따 어때?ㅋㅋㅋㅋㅋㅋㅋㅋㅋㅋ', '회사에서 판권확보했다구 ㅡㅡ공시를해야지[4]', '관망자로써 느낌...[1]', '*** 재료는 살아있다.', '종베때렷다 미안하다 나갈께', '', '어차피 반등은 나옵니다[2]', '■ 이유없는 하락, 풀매수.', '이건 말도안되', '물려있지만[1]', '투경인데', '물린새들  내일 퍽락 갭하락 시작하면 어떻게 ...', '내일 한차례 더빠짐 -10%', '대머리 만들어버렸네', '10만원 가도 싸다', '오늘 종가 까지 얼마 안남았어요....', '??', '개신발', '먹었으면 미련없이 사오시요', '탈모인 만들기', '※※ 오늘 저가에 매수하니 너무 조으다~~^^[3]', '솔직히 재료 소멸도 아니구…', '이정도로 끝날리가?', '내일 5000원 갭메우러 가네ᆢ', '탈모제관련 일동제약은 장대양봉[1]', '오늘 6천원 깨지거', '아니 이 것보다  못한', '잠깐 쉬었다 곧 연상 갈건데... ㅋㅋ', '6천원까지 내려가면 다 팔아야겠다', '★  오후  간식꺼리     메뉴네 ...★[1]', '레인보우로보틱스 추매250주', '걱정', '이제 바이오가 가는가보다...ㅎㅎ', '현대약품 시총이 겨우 이거밖에 안되서 놀람[1]', '언제[1]', '찬티들 많은거 보니 ㅋㅋㅋ[1]', '1주사고2000주 던지고 ㅋ[1]', '제발', '완전한 3상성공아닙니다. 1차성공2차실패에요.[3]', '대머리는', '83층은 가고 100층 가자', '※※ 오늘은 매도가 아니라 매수하는 날이다~~', '어차피 고점도 낮아지고 있는데...자꾸 꼬시네....[1]', '매수못하게 매도 때리는데', '오늘 보합은 보낼거야', '이종목 들고있으면', '오늘까지 장대양봉이면 개미들 꼬일껀다', '거래량도없고', '낼까지조정가능', '저까 터치하러 가네', '외인 믿는다', '현대약품 반전없다[1]', '외인 6만주 매수..[3]', '딱보니 오늘 하한가 칠려고', '혹시라도 지금 잡으려고 하지마시고', '뉴스도 없는데 오르는 주식 이런거를 경고나 주...', '시원하게빼니까[1]', '아직 매수타이밍 아닐듯 ㅋㅋ', '머리빨로 승부볼려는', '', '변동성이 크다', '※※오늘 털리신분들은 주식 하시면 안됩니다~~[2]', '50도 안된애들 대머리들보면[1]', '외인매수세 계속증가중', '니덜 챠트 안보이니ᆢ5900원을 가리키고 있잖...', '여자들한테 물어봐라[1]', '차좀 바꾸려거 들어왔다가', '오늘 이거래량으로 못가   어제물린새들이 던져...', '챠트는  5900원을 가리키고있네ᆢ내일 한번더...', '코오롱모빌리티처럼  주가는  세력 마음', '바닥공구리 딴딴하이 잘 치네~ㅋㅋ', '가즈아[2]', '안녕하세요 대머리입니다', '어제 남은 물량 익절 했는데..오늘은 일단 지...[1]', '개미들 머리 다빠져', '테라뷰[1]', '시장 집중 관심주  집중  자전매도로  손절 ...', '이수화학', '오후에 급등모드 발동할듯 합니다[1]', '※※ 오늘 오전장 매수 맥점입니다~~', '빨리', '100퍼 오일선  붕괴시킨다', '탈모 치료 회사가 아니라[1]', '털렸다면', '호가창 봐라', '※※ 재료가 워낙 좋아서 또 다른 세럭 매집들...', '미녹시딜은 프로페시아같은 부작용이 없는 약이야...', '어저끄', '보수적으로 55층 갭채우러 가려나보다 보유자 ...[1]', '오일선 무너지면 매수하라', '뭔가 구린 놈들은 말돌리기를 잘한다', '물린분들 어쩌누 ㄷㄷ', '찬티분들은 계속 매수하시면 되겠네', '힘 좀 내자~!', '바르는 탈모약은 이미 수십년전부터 미녹...[5]', '털리지마 연상전 조정이다[3]', '외인매수세 돌변', '팩트체크', '탈모치료제 3상', '길고양이 봉사활동 다녀왔다[1]', '내말이 맞제? ㅋㅋ시초 개폭락 확정이라...', '신용다털자', '어종보다', '약국에 갔더니 여드름약 품절이라 조금 ...', '탈모인들 다시 탈모걸릴듯', '천만년만에 ,대머리약을,발라서 머리가 ...', '오늘은조금 바쁘네', '무철아~니같은 아그들은 몬 묵는다~ㅋㅋ...', '다 나가라.', '조정완료ㅡ', '자 이제 봐레이~반등한데이~ㅋㅋㅋ', '도로 3천원대???개빡침', '무철아~ 한주들고 째리고 있으면서 .....', '바닥이 어디여 도대체', '난 첫날에사서 어제 시가에팔았음 이제잡은애들은', '어차피오늘깊게조정거쳐야해[1]', '제발 올라라 ㅠㅠㅠ', '바닥다지면서 줍는거 안보이냐?[1]', '그러니 다 잃지....진득허니 좀 기다려봐~[1]', '어휴', '제대로', '바이젠셀로 와라', '세력이 바보냐', '머리털 다빠진다 이놈들아', '자알먹고갑니다', '흐름', '세력 졸라게 팔아대네[1]', '뭐하는 짓이고...', '10% 이상 하락했어요 😞', '아따 아들이', '18', '공시뉴스는 안나오고', '3상이다[1]', '5% 이상 하락했어요 😞']",-12.21,Positive (62%),"내일, 오늘, ※※",False
KOSPI,450140,코오롱모빌리티그룹,9060,10839,-16.42%,256,"[{'title': '말도', 'date': '2025.12.10 19:37', 'views': '1'}, {'title': '100주랑. 코오롱 6주 교환[1]', 'date': '2025.12.10 19:10', 'views': '39'}, {'title': '낼은 상한가', 'date': '2025.12.10 19:08', 'views': '1'}, {'title': 'ㅎㅎ', 'date': '2025.12.10 18:55', 'views': '1'}, {'title': '2000원도 아깝네[1]', 'date': '2025.12.10 18:34', 'views': '28'}]","['말도', '100주랑. 코오롱 6주 교환[1]', '낼은 상한가', 'ㅎㅎ', '2000원도 아깝네[1]', '여기', 'VI 9회', '어제 하따하고[1]', '아 진짜 어렵네 이친구', '절대로 반등하면 안됩니다', '이론 멍충들', '내일이 탈출마지막 기회[1]', '와우', 'RIP', '모빌리티 주주에서 코오롱 주주로 물 ...', '@@주식을!!해야지 노름을 하면 우째...', '호구와  외인만남고', '시장에 좋은 종목 많은데 왜 ""오늘""...', '분위기상 시외 하한가네 ㅋㅋ', '폭탄 돌리기', '10주만 가지고 간다 ㅡ5퍼', '오늘 이주식산것들은 주식접어라', '냉정하게 생각해보면', '미리 보는 【 코오롱모빌리티그룹우 ( 수 ...[1]', '오늘 장 열릴 때[1]', '세력이 바보냐 무조건 가격 내리게[4]', '조금 삼. 단타하러 ㅎ[1]', '다. 도망가셨나여 ㅡ', '15일 부터 사실상 폐장 ?', '이놈은 경고만 먹으면  수맥 찾냐.', '세력님들~', '오늘 뭌이면  못파나 ?', '산수[1]', '머가있어  개뿔 고등어당', '단타를 하려면[1]', '안티들 논리대로라면[2]', '예측 뷸가인데 이거[2]', '상남자 주식!![1]', '지금 왜들 들어오냐 ?[1]', '바닥끝까지[1]', '20%', '경고가 3개 떠도  매수하는 얘들[3]', '상폐의 무빙이 아니긴한데', '아까 9800-10000 힘겨루기 ㅈㄴ하고...[1]', '오늘 아침에 어제 하따들 본전줬고[1]', '이제 급한건 세력임[1]', '니들말대로면 오늘 하한가 가야하는거 아니냐...', '더 이상', '낼도 15프로 하락', '이제', '이것', '무신챠트가', '엄청난 손실이', '오늘 물린인간들 얼른 털어라 ㅎㅎㅎㅎㅎ', 'ㅋㅋㅋㅋㅋ계단식으로 죽 내려오다가 한번에 ...', '8일. 손실', '◤ 코오롱모빌리티그룹 긴 ㅡ급 ◢[1]', '고고', '오늘 내일 모레 삼일간', '주식은', '정리매매  이틀 남았네', '주총꾼들 털어내야지', '역시 잘가는군 ㅎ', '~2일후~거래정지-80%손실,꼭정지당해봐[2]', '코오롱 모빌리티 -> 코오롱 글로벌우', '2100원에 3만주 걸어놨어 ㅎㅎ[1]', '세력들은 물량정리 다했어요.', '오ㅏ~우 간신히 매도', '지금 딱 매수 타임이다', '마지막날은', '', '지금 사야 주식고수지 ㅋㅋ', '와 아직도 안 판 주주분들 계셔요??', '교환가 3천원에 수렴[1]', '2천원 짜리 2만원 갔으면', '지금이라도[1]', '설거지 오졌다....', '정신차리세요들', '이', '매매거래 정지 2틀남음', '이거 알트코인인가요??', '애들아 괜찮냐', '지금이라도', '★또', '종가', '우선주', '주작들아 밥묵자~', '장난질', '이', '마지막 매집', '코오롱 우는 탈출기회라도 주네요', 'ㅋㅋㅋㅋㅋ재밌네 오늘[1]', '여기 평단 만원 위로.. 손들어보세요..[1]', '투경에', '슈익미쳤네 ㅋㅋ', '주포야 더 올려야 탄다. 1만원 가지고는 ...', '에휴 감사합니다', '오늘', '10700원 이상되야 꼬셔질 걸', '단주칠때  매수 하지마요', '뇌피셜  한줌 투하', '코롱은 사기꾼이라고 생각 한다  사기꾼이 사기 칠 ...', '이런 문제 있는 주식은 들어가는거 아니다.[1]', '이', '오늘도', '오늘 이거 뭔가 있다 음 빼려면 벌써 뺐지', '15,000원까지 보유하셔요', '상장폐지 공개매수가 4000원 조심해라[1]', '잘못하면[1]', '나가려다 손맛 땜에 다시 한번 도전~', '이', '단주', '아시죠?? 다들?  ㅋㅋㅋㅋㅋㅋ', '8420>>>11350  매도...', '하한가 아님을 진짜 너무 감사하게생각합니다', '1시간만에 50%수익 실화냐?', '다시 꼬셔바라  ᆢ  멏퍼나 가는지 보자', '이', '단타치다 개물린다', '안티', '자전거래하면서 꼬드기네', '천하제일 단타대회', '워우 뭐예요 이 무빙 ㅋㅋㅋㅋ[2]', '이제는 우리가', '코오롱', '뉴스 좀만 찾아봐라', '종가는 결국 하한가...', '4천원짜리를 왜 지금 사시는가요?[1]', '에구 난 10프로 묵고 나왔눈데~~[1]', '대피', '타자 ㆍ ㄱㄱ', '살려줄때 나가라', '15일이후 상폐', '공개매수가 4000원 이다 조심해라', '마이너스 10퍼일때 들어간다 ㅋ', 'ㅡㅡㅡ조만간 거래정지인데 오늘되믄 주...', '대주 물량만 있어도 이런건 공매도감인...', '100억만 던져도 다시 하한가 쳐박겠...', '단타 개미꼬시기 조심해라', '(( 오 후 )) 긴 ㅡ급.건 입니다...[2]', '어제 하한갔는데 이걸 팔어?', '저 저처럼 바보짓 하지마세요 제발 ㅠㅠ[2]', '어차피', '하한가 따라잡기 아십니까?', '이', '줍줍줍줍줍', '주식의 꽃[1]', '개미들한테 다터는구나[1]', '온탕 냉탕', '코오롱 모빌리티 투기 판', '이', '얘가 이러는 이유는?', '코인판이네 ㅋㅋㅋㅋㅋ', 'ㅋㅋㅋ[1]', 'Vi', '쌩쇼를 하네 팔아쳐먹을고 ㅎ[1]', '애들아.괜찮냐....', '이게 무슨 주식종목이냐?[1]', '상방하방vi10번은 가겠다', '단타치러', '설겨지 ㅋㅋㅋㅋㅋㅋㅋㅋㅋㅋ', '이제 안본다 형~또 먹을거 알려주까??원하는 사...', '에헤이', '호오미 개떡락 시작', '이제야 이 고수님 말씀을 믿겠는가 ㅋㅋㅋㅋ', '일단 우선주부터', '오정 보는거같네ㅋㅋ', '지금 이런생각하는 개미들 많을듯[1]', '우리 나라 한탕주의자들...', '상페소식에 하종간다', '어제하따햇는데', '와...잡주나 다름이 없네 ㅋㅋㅋ', '빨리 팔아', '상폐주 투기판', '쌩유~', '상한가 갈거면 짐작', '저점대비', '우선주에서 먹고 중간에 이걸로 갈아탄 내가 레전...', '상  문닫자 ᆢ', '어떤 화타냐', '이거', '코오롱', '테라뷰 보고 미쳤다고 생각했는데 여기 더한...', '와 하한가에 잡앗으면 90%', 'ㅡㅡ거래 정지   떳다  조심', '5% 이상 상승했어요 🎉', '11,000 플러스 찍었다 올매도~30%먹...[1]', '이거 단타치다 보니깐', '얼척이읍네~', '자 주총꾼들 다음 주총에서 봐용!', '서킷??', '아 오전에 8300대랑 8800대', '이래서 주식은 무조건 공포에 사야 크게 먹...', '최고냐?형~~ 25% 수익권 넘었다~ㅋㅋㅋ...[1]', '상폐왜하는데? 니들이람 주총꾼들 다음 주총...', '가자~', '호구들 또 기어들어오네', '그릇만큼 먹는거지 ㅋㅋㅋㅋㅋ', '오 옉쓰', '15년차 트레이더의 말 이제 믿을만하냐?ㅋ...[4]', '7일 상폐임? 상폐빔 한번 쏴줄거같은데', '작전치는 동물 wastes', '지금이라도 사라 뻔하게 빨간불 만들거다 ㅋㅋㅋ[1]', '자~)급등!!소리질러~~ㅋㅋㅋㅋㅋㅋㅋㅋㅋㅋ', '', '시초가에 풀매수자는 든든하다 ㅋㅋㅋ 우선주 단타...', '다시 상가면 대박~~', '이러다 시장가로 훅 사서 보합 만든다 ㅋㅋㅋ', '하부터 상까지 꽉차있는 빨간양봉[1]', '또 꼬시네..', '물타서 겨우나왔네', '의외로 잘 버티네[1]', '날라가냐?또~ㅋㅋㅋㅋ', '만8천원에', '적당히 먹었다 ㅎ', '상장폐지주[1]', '우선주보다', '한번 먹었으면 이제 튀셈.', '잘들가라', '연속 하한가인가?', '여기서 반토막 간다 조심해라[1]', '오호라 찌벌 드가고싶네', '나락인데  종자  남겼네요', '천하제일 단타대화냐??잘 먹었지?20% 또 ...', '하한가다', '사지마라 나처럼 ㅎㅎㅎㅎ[1]', '코오롱모빌리티 꼭 보세요 !', '아 부처님 감사합니다', '보합간다', '그래도 양반인듯[1]', '오늘 살려 주세요~', 'ㅋㅋㅋ[1]', '어차피 이 게시판도..며칠후면 사라짐', '개안티 고맙다~ㅋㅋㅋㅋ', '오 마지막 설거지 ,,,,,,,,,,,,,,...[1]', '캬 멋지다', '사야 하는 종목이 아니라 팔 기회를 준 것', '오짜피 종가는 상한가임', '7800원에 주워도 수익20퍼다ㅋㅋㅋㅋ', '다시는 안 까불겠어여', '시초가 던져준 호구 단타십개미', '오늘하루좋일 VI', '외인이  어떻게 팔아먹나 잘봐', '-29 퍼에 삿는데', '천하제일 단타대회 개장 !', '자~보이니??ㅋㅋㅋ왜 형이 15년차 트레이...[1]', '개웃기네... 손실 확정 주식인데 이게 하...[1]', '상가긋다  60%', '20% 먹는날이라고 안 믿더니?이것들~ㅋㅋ', '하한가', '하따 나이스~~~~올라가자!!ㅋㅋㅋㅍ 20...', '탈풀기회랄 주네', '나락으로', '매도기회 주면 무조건 팔어', '25% 이상 하락했어요 😞', '내 자신이 싫다']",-16.42,Negative (52%),"오늘, 코오롱, ...",True
